bundle	variable_name	qsirecon_suffix	source_file	zero_proportion	mean	stdev	median	masked_mean	masked_median	masked_stdev	subject_id	session_id	task_id	dir_id	acq_id	space_id	rec_id	run_id	bundle_source	bundle_params_id
Association_ArcuateFasciculusL	tdi	MSMTAutoTrack	/data/qsiprep/sub-60532/ses-01/dwi/sub-60532_ses-01_acq-HBCD75_run-01_space-ACPC_desc-preproc_dwi.nii.gz	0.0	282.32648	482.96652	72.0	282.32648	72.0	482.96652	sub-60532	ses-01			acq-HBCD75	space-ACPC		run-01	MSMTAutoTrack	autotrack_fod_msmt
Association_ArcuateFasciculusR	tdi	MSMTAutoTrack	/data/qsiprep/sub-60532/ses-01/dwi/sub-60532_ses-01_acq-HBCD75_run-01_space-ACPC_desc-preproc_dwi.nii.gz	0.0	205.03989	352.5349	53.0	205.03989	53.0	352.5349	sub-60532	ses-01			acq-HBCD75	space-ACPC		run-01	MSMTAutoTrack	autotrack_fod_msmt
Association_CingulumL_FrontalParahippocampal	tdi	MSMTAutoTrack	/data/qsiprep/sub-60532/ses-01/dwi/sub-60532_ses-01_acq-HBCD75_run-01_space-ACPC_desc-preproc_dwi.nii.gz	0.0	242.9827	495.93445	49.0	242.9827	49.0	495.93445	sub-60532	ses-01			acq-HBCD75	space-ACPC		run-01	MSMTAutoTrack	autotrack_fod_msmt
Association_CingulumL_FrontalParietal	tdi	MSMTAutoTrack	/data/qsiprep/sub-60532/ses-01/dwi/sub-60532_ses-01_acq-HBCD75_run-01_space-ACPC_desc-preproc_dwi.nii.gz	0.0	369.45065	733.2261	76.0	369.45065	76.0	733.2261	sub-60532	ses-01			acq-HBCD75	space-ACPC		run-01	MSMTAutoTrack	autotrack_fod_msmt
Association_CingulumL_SuperiorLongitudinalFasciculus1	tdi	MSMTAutoTrack	/data/qsiprep/sub-60532/ses-01/dwi/sub-60532_ses-01_acq-HBCD75_run-01_space-ACPC_desc-preproc_dwi.nii.gz	0.0	149.7911	277.67535	42.0	149.7911	42.0	277.67535	sub-60532	ses-01			acq-HBCD75	space-ACPC		run-01	MSMTAutoTrack	autotrack_fod_msmt
Association_CingulumL_ParahippocampalParietal	tdi	MSMTAutoTrack	/data/qsiprep/sub-60532/ses-01/dwi/sub-60532_ses-01_acq-HBCD75_run-01_space-ACPC_desc-preproc_dwi.nii.gz	0.0	108.8	142.12578	49.0	108.8	49.0	142.12578	sub-60532	ses-01			acq-HBCD75	space-ACPC		run-01	MSMTAutoTrack	autotrack_fod_msmt
Association_CingulumL_Parahippocampal	tdi	MSMTAutoTrack	/data/qsiprep/sub-60532/ses-01/dwi/sub-60532_ses-01_acq-HBCD75_run-01_space-ACPC_desc-preproc_dwi.nii.gz	0.0	71.13513	104.74253	27.0	71.13513	27.0	104.74253	sub-60532	ses-01			acq-HBCD75	space-ACPC		run-01	MSMTAutoTrack	autotrack_fod_msmt
Association_CingulumL_Parolfactory	tdi	MSMTAutoTrack	/data/qsiprep/sub-60532/ses-01/dwi/sub-60532_ses-01_acq-HBCD75_run-01_space-ACPC_desc-preproc_dwi.nii.gz	0.0	166.19543	271.90598	39.0	166.19543	39.0	271.90598	sub-60532	ses-01			acq-HBCD75	space-ACPC		run-01	MSMTAutoTrack	autotrack_fod_msmt
Association_CingulumR_FrontalParahippocampal	tdi	MSMTAutoTrack	/data/qsiprep/sub-60532/ses-01/dwi/sub-60532_ses-01_acq-HBCD75_run-01_space-ACPC_desc-preproc_dwi.nii.gz	0.0	210.17737	418.43503	55.0	210.17737	55.0	418.43503	sub-60532	ses-01			acq-HBCD75	space-ACPC		run-01	MSMTAutoTrack	autotrack_fod_msmt
Association_CingulumR_FrontalParietal	tdi	MSMTAutoTrack	/data/qsiprep/sub-60532/ses-01/dwi/sub-60532_ses-01_acq-HBCD75_run-01_space-ACPC_desc-preproc_dwi.nii.gz	0.0	313.30576	596.54346	74.0	313.30576	74.0	596.54346	sub-60532	ses-01			acq-HBCD75	space-ACPC		run-01	MSMTAutoTrack	autotrack_fod_msmt
Association_CingulumR_SuperiorLongitudinalFasciculus1	tdi	MSMTAutoTrack	/data/qsiprep/sub-60532/ses-01/dwi/sub-60532_ses-01_acq-HBCD75_run-01_space-ACPC_desc-preproc_dwi.nii.gz	0.0	148.59402	294.89197	37.0	148.59402	37.0	294.89197	sub-60532	ses-01			acq-HBCD75	space-ACPC		run-01	MSMTAutoTrack	autotrack_fod_msmt
Association_CingulumR_ParahippocampalParietal	tdi	MSMTAutoTrack	/data/qsiprep/sub-60532/ses-01/dwi/sub-60532_ses-01_acq-HBCD75_run-01_space-ACPC_desc-preproc_dwi.nii.gz	0.0	140.00168	250.11984	42.0	140.00168	42.0	250.11984	sub-60532	ses-01			acq-HBCD75	space-ACPC		run-01	MSMTAutoTrack	autotrack_fod_msmt
Association_CingulumR_Parahippocampal	tdi	MSMTAutoTrack	/data/qsiprep/sub-60532/ses-01/dwi/sub-60532_ses-01_acq-HBCD75_run-01_space-ACPC_desc-preproc_dwi.nii.gz	0.0	116.70787	206.59592	35.0	116.70787	35.0	206.59592	sub-60532	ses-01			acq-HBCD75	space-ACPC		run-01	MSMTAutoTrack	autotrack_fod_msmt
Association_CingulumR_Parolfactory	tdi	MSMTAutoTrack	/data/qsiprep/sub-60532/ses-01/dwi/sub-60532_ses-01_acq-HBCD75_run-01_space-ACPC_desc-preproc_dwi.nii.gz	0.0	348.5044	623.9773	69.0	348.5044	69.0	623.9773	sub-60532	ses-01			acq-HBCD75	space-ACPC		run-01	MSMTAutoTrack	autotrack_fod_msmt
Association_ExtremeCapsuleL	tdi	MSMTAutoTrack	/data/qsiprep/sub-60532/ses-01/dwi/sub-60532_ses-01_acq-HBCD75_run-01_space-ACPC_desc-preproc_dwi.nii.gz	0.0	179.50731	379.47916	48.0	179.50731	48.0	379.47916	sub-60532	ses-01			acq-HBCD75	space-ACPC		run-01	MSMTAutoTrack	autotrack_fod_msmt
Association_ExtremeCapsuleR	tdi	MSMTAutoTrack	/data/qsiprep/sub-60532/ses-01/dwi/sub-60532_ses-01_acq-HBCD75_run-01_space-ACPC_desc-preproc_dwi.nii.gz	0.0	132.71863	201.2987	50.0	132.71863	50.0	201.2987	sub-60532	ses-01			acq-HBCD75	space-ACPC		run-01	MSMTAutoTrack	autotrack_fod_msmt
Association_FrontalAslantTractL	tdi	MSMTAutoTrack	/data/qsiprep/sub-60532/ses-01/dwi/sub-60532_ses-01_acq-HBCD75_run-01_space-ACPC_desc-preproc_dwi.nii.gz	0.0	108.519615	145.71677	50.0	108.519615	50.0	145.71677	sub-60532	ses-01			acq-HBCD75	space-ACPC		run-01	MSMTAutoTrack	autotrack_fod_msmt
Association_FrontalAslantTractR	tdi	MSMTAutoTrack	/data/qsiprep/sub-60532/ses-01/dwi/sub-60532_ses-01_acq-HBCD75_run-01_space-ACPC_desc-preproc_dwi.nii.gz	0.0	91.20284	129.84319	41.0	91.20284	41.0	129.84319	sub-60532	ses-01			acq-HBCD75	space-ACPC		run-01	MSMTAutoTrack	autotrack_fod_msmt
Association_HippocampusAlveusL	tdi	MSMTAutoTrack	/data/qsiprep/sub-60532/ses-01/dwi/sub-60532_ses-01_acq-HBCD75_run-01_space-ACPC_desc-preproc_dwi.nii.gz	0.0	79.06727	107.69179	29.0	79.06727	29.0	107.69179	sub-60532	ses-01			acq-HBCD75	space-ACPC		run-01	MSMTAutoTrack	autotrack_fod_msmt
Association_HippocampusAlveusR	tdi	MSMTAutoTrack	/data/qsiprep/sub-60532/ses-01/dwi/sub-60532_ses-01_acq-HBCD75_run-01_space-ACPC_desc-preproc_dwi.nii.gz	0.0	58.799015	79.575325	26.0	58.799015	26.0	79.575325	sub-60532	ses-01			acq-HBCD75	space-ACPC		run-01	MSMTAutoTrack	autotrack_fod_msmt
Association_InferiorFrontoOccipitalFasciculusL	tdi	MSMTAutoTrack	/data/qsiprep/sub-60532/ses-01/dwi/sub-60532_ses-01_acq-HBCD75_run-01_space-ACPC_desc-preproc_dwi.nii.gz	0.0	408.22662	1042.5459	60.0	408.22662	60.0	1042.5459	sub-60532	ses-01			acq-HBCD75	space-ACPC		run-01	MSMTAutoTrack	autotrack_fod_msmt
Association_InferiorFrontoOccipitalFasciculusR	tdi	MSMTAutoTrack	/data/qsiprep/sub-60532/ses-01/dwi/sub-60532_ses-01_acq-HBCD75_run-01_space-ACPC_desc-preproc_dwi.nii.gz	0.0	538.9826	1233.8165	95.0	538.9826	95.0	1233.8165	sub-60532	ses-01			acq-HBCD75	space-ACPC		run-01	MSMTAutoTrack	autotrack_fod_msmt
Association_InferiorLongitudinalFasciculusL	tdi	MSMTAutoTrack	/data/qsiprep/sub-60532/ses-01/dwi/sub-60532_ses-01_acq-HBCD75_run-01_space-ACPC_desc-preproc_dwi.nii.gz	0.0	234.63194	470.29193	55.0	234.63194	55.0	470.29193	sub-60532	ses-01			acq-HBCD75	space-ACPC		run-01	MSMTAutoTrack	autotrack_fod_msmt
Association_InferiorLongitudinalFasciculusR	tdi	MSMTAutoTrack	/data/qsiprep/sub-60532/ses-01/dwi/sub-60532_ses-01_acq-HBCD75_run-01_space-ACPC_desc-preproc_dwi.nii.gz	0.0	318.28845	648.05756	66.0	318.28845	66.0	648.05756	sub-60532	ses-01			acq-HBCD75	space-ACPC		run-01	MSMTAutoTrack	autotrack_fod_msmt
Association_MiddleLongitudinalFasciculusL	tdi	MSMTAutoTrack	/data/qsiprep/sub-60532/ses-01/dwi/sub-60532_ses-01_acq-HBCD75_run-01_space-ACPC_desc-preproc_dwi.nii.gz	0.0	372.64215	769.5453	75.0	372.64215	75.0	769.5453	sub-60532	ses-01			acq-HBCD75	space-ACPC		run-01	MSMTAutoTrack	autotrack_fod_msmt
Association_MiddleLongitudinalFasciculusR	tdi	MSMTAutoTrack	/data/qsiprep/sub-60532/ses-01/dwi/sub-60532_ses-01_acq-HBCD75_run-01_space-ACPC_desc-preproc_dwi.nii.gz	0.0	439.85672	716.75446	154.0	439.85672	154.0	716.75446	sub-60532	ses-01			acq-HBCD75	space-ACPC		run-01	MSMTAutoTrack	autotrack_fod_msmt
Association_ParietalAslantTractL	tdi	MSMTAutoTrack	/data/qsiprep/sub-60532/ses-01/dwi/sub-60532_ses-01_acq-HBCD75_run-01_space-ACPC_desc-preproc_dwi.nii.gz	0.0	103.527016	161.67952	42.0	103.527016	42.0	161.67952	sub-60532	ses-01			acq-HBCD75	space-ACPC		run-01	MSMTAutoTrack	autotrack_fod_msmt
Association_ParietalAslantTractR	tdi	MSMTAutoTrack	/data/qsiprep/sub-60532/ses-01/dwi/sub-60532_ses-01_acq-HBCD75_run-01_space-ACPC_desc-preproc_dwi.nii.gz	0.0	80.3712	105.88755	35.0	80.3712	35.0	105.88755	sub-60532	ses-01			acq-HBCD75	space-ACPC		run-01	MSMTAutoTrack	autotrack_fod_msmt
Association_SuperiorLongitudinalFasciculusL_2	tdi	MSMTAutoTrack	/data/qsiprep/sub-60532/ses-01/dwi/sub-60532_ses-01_acq-HBCD75_run-01_space-ACPC_desc-preproc_dwi.nii.gz	0.0	124.97556	205.33487	46.0	124.97556	46.0	205.33487	sub-60532	ses-01			acq-HBCD75	space-ACPC		run-01	MSMTAutoTrack	autotrack_fod_msmt
Association_SuperiorLongitudinalFasciculusL_3	tdi	MSMTAutoTrack	/data/qsiprep/sub-60532/ses-01/dwi/sub-60532_ses-01_acq-HBCD75_run-01_space-ACPC_desc-preproc_dwi.nii.gz	0.0	112.79163	175.87314	38.0	112.79163	38.0	175.87314	sub-60532	ses-01			acq-HBCD75	space-ACPC		run-01	MSMTAutoTrack	autotrack_fod_msmt
Association_SuperiorLongitudinalFasciculusR_2	tdi	MSMTAutoTrack	/data/qsiprep/sub-60532/ses-01/dwi/sub-60532_ses-01_acq-HBCD75_run-01_space-ACPC_desc-preproc_dwi.nii.gz	0.0	158.88922	308.72635	52.0	158.88922	52.0	308.72635	sub-60532	ses-01			acq-HBCD75	space-ACPC		run-01	MSMTAutoTrack	autotrack_fod_msmt
Association_SuperiorLongitudinalFasciculusR_3	tdi	MSMTAutoTrack	/data/qsiprep/sub-60532/ses-01/dwi/sub-60532_ses-01_acq-HBCD75_run-01_space-ACPC_desc-preproc_dwi.nii.gz	0.0	143.05394	247.55031	43.0	143.05394	43.0	247.55031	sub-60532	ses-01			acq-HBCD75	space-ACPC		run-01	MSMTAutoTrack	autotrack_fod_msmt
Association_UncinateFasciculusL	tdi	MSMTAutoTrack	/data/qsiprep/sub-60532/ses-01/dwi/sub-60532_ses-01_acq-HBCD75_run-01_space-ACPC_desc-preproc_dwi.nii.gz	0.0	117.9353	199.20387	38.0	117.9353	38.0	199.20387	sub-60532	ses-01			acq-HBCD75	space-ACPC		run-01	MSMTAutoTrack	autotrack_fod_msmt
Association_UncinateFasciculusR	tdi	MSMTAutoTrack	/data/qsiprep/sub-60532/ses-01/dwi/sub-60532_ses-01_acq-HBCD75_run-01_space-ACPC_desc-preproc_dwi.nii.gz	0.0	149.62149	220.67067	50.0	149.62149	50.0	220.67067	sub-60532	ses-01			acq-HBCD75	space-ACPC		run-01	MSMTAutoTrack	autotrack_fod_msmt
Association_VerticalOccipitalFasciculusL	tdi	MSMTAutoTrack	/data/qsiprep/sub-60532/ses-01/dwi/sub-60532_ses-01_acq-HBCD75_run-01_space-ACPC_desc-preproc_dwi.nii.gz	0.0	60.49569	95.35937	23.0	60.49569	23.0	95.35937	sub-60532	ses-01			acq-HBCD75	space-ACPC		run-01	MSMTAutoTrack	autotrack_fod_msmt
Association_VerticalOccipitalFasciculusR	tdi	MSMTAutoTrack	/data/qsiprep/sub-60532/ses-01/dwi/sub-60532_ses-01_acq-HBCD75_run-01_space-ACPC_desc-preproc_dwi.nii.gz	0.0	83.629166	113.3003	37.0	83.629166	37.0	113.3003	sub-60532	ses-01			acq-HBCD75	space-ACPC		run-01	MSMTAutoTrack	autotrack_fod_msmt
ProjectionBasalGanglia_AcousticRadiationL	tdi	MSMTAutoTrack	/data/qsiprep/sub-60532/ses-01/dwi/sub-60532_ses-01_acq-HBCD75_run-01_space-ACPC_desc-preproc_dwi.nii.gz	0.0	33.306694	59.06163	12.0	33.306694	12.0	59.06163	sub-60532	ses-01			acq-HBCD75	space-ACPC		run-01	MSMTAutoTrack	autotrack_fod_msmt
ProjectionBasalGanglia_AcousticRadiationR	tdi	MSMTAutoTrack	/data/qsiprep/sub-60532/ses-01/dwi/sub-60532_ses-01_acq-HBCD75_run-01_space-ACPC_desc-preproc_dwi.nii.gz	0.0	22.231834	29.38681	12.0	22.231834	12.0	29.38681	sub-60532	ses-01			acq-HBCD75	space-ACPC		run-01	MSMTAutoTrack	autotrack_fod_msmt
ProjectionBasalGanglia_CorticostriatalTractL_Anterior	tdi	MSMTAutoTrack	/data/qsiprep/sub-60532/ses-01/dwi/sub-60532_ses-01_acq-HBCD75_run-01_space-ACPC_desc-preproc_dwi.nii.gz	0.0	70.26722	101.1873	34.0	70.26722	34.0	101.1873	sub-60532	ses-01			acq-HBCD75	space-ACPC		run-01	MSMTAutoTrack	autotrack_fod_msmt
ProjectionBasalGanglia_CorticostriatalTractL_Posterior	tdi	MSMTAutoTrack	/data/qsiprep/sub-60532/ses-01/dwi/sub-60532_ses-01_acq-HBCD75_run-01_space-ACPC_desc-preproc_dwi.nii.gz	0.0	124.161995	229.81133	38.0	124.161995	38.0	229.81133	sub-60532	ses-01			acq-HBCD75	space-ACPC		run-01	MSMTAutoTrack	autotrack_fod_msmt
ProjectionBasalGanglia_CorticostriatalTractL_Superior	tdi	MSMTAutoTrack	/data/qsiprep/sub-60532/ses-01/dwi/sub-60532_ses-01_acq-HBCD75_run-01_space-ACPC_desc-preproc_dwi.nii.gz	0.0	84.89383	134.93723	33.0	84.89383	33.0	134.93723	sub-60532	ses-01			acq-HBCD75	space-ACPC		run-01	MSMTAutoTrack	autotrack_fod_msmt
ProjectionBasalGanglia_CorticostriatalTractR_Anterior	tdi	MSMTAutoTrack	/data/qsiprep/sub-60532/ses-01/dwi/sub-60532_ses-01_acq-HBCD75_run-01_space-ACPC_desc-preproc_dwi.nii.gz	0.0	51.57755	84.0283	23.0	51.57755	23.0	84.0283	sub-60532	ses-01			acq-HBCD75	space-ACPC		run-01	MSMTAutoTrack	autotrack_fod_msmt
ProjectionBasalGanglia_CorticostriatalTractR_Posterior	tdi	MSMTAutoTrack	/data/qsiprep/sub-60532/ses-01/dwi/sub-60532_ses-01_acq-HBCD75_run-01_space-ACPC_desc-preproc_dwi.nii.gz	0.0	140.65556	265.52948	46.0	140.65556	46.0	265.52948	sub-60532	ses-01			acq-HBCD75	space-ACPC		run-01	MSMTAutoTrack	autotrack_fod_msmt
ProjectionBasalGanglia_CorticostriatalTractR_Superior	tdi	MSMTAutoTrack	/data/qsiprep/sub-60532/ses-01/dwi/sub-60532_ses-01_acq-HBCD75_run-01_space-ACPC_desc-preproc_dwi.nii.gz	0.0	74.57774	125.24226	27.0	74.57774	27.0	125.24226	sub-60532	ses-01			acq-HBCD75	space-ACPC		run-01	MSMTAutoTrack	autotrack_fod_msmt
ProjectionBasalGanglia_ThalamicRadiationL_Anterior	tdi	MSMTAutoTrack	/data/qsiprep/sub-60532/ses-01/dwi/sub-60532_ses-01_acq-HBCD75_run-01_space-ACPC_desc-preproc_dwi.nii.gz	0.0	138.47958	242.62155	44.0	138.47958	44.0	242.62155	sub-60532	ses-01			acq-HBCD75	space-ACPC		run-01	MSMTAutoTrack	autotrack_fod_msmt
ProjectionBasalGanglia_ThalamicRadiationL_Posterior	tdi	MSMTAutoTrack	/data/qsiprep/sub-60532/ses-01/dwi/sub-60532_ses-01_acq-HBCD75_run-01_space-ACPC_desc-preproc_dwi.nii.gz	0.0	176.82782	296.86047	57.0	176.82782	57.0	296.86047	sub-60532	ses-01			acq-HBCD75	space-ACPC		run-01	MSMTAutoTrack	autotrack_fod_msmt
ProjectionBasalGanglia_ThalamicRadiationL_Superior	tdi	MSMTAutoTrack	/data/qsiprep/sub-60532/ses-01/dwi/sub-60532_ses-01_acq-HBCD75_run-01_space-ACPC_desc-preproc_dwi.nii.gz	0.0	152.37524	227.9575	58.0	152.37524	58.0	227.9575	sub-60532	ses-01			acq-HBCD75	space-ACPC		run-01	MSMTAutoTrack	autotrack_fod_msmt
ProjectionBasalGanglia_ThalamicRadiationR_Anterior	tdi	MSMTAutoTrack	/data/qsiprep/sub-60532/ses-01/dwi/sub-60532_ses-01_acq-HBCD75_run-01_space-ACPC_desc-preproc_dwi.nii.gz	0.0	160.95003	269.7533	49.0	160.95003	49.0	269.7533	sub-60532	ses-01			acq-HBCD75	space-ACPC		run-01	MSMTAutoTrack	autotrack_fod_msmt
ProjectionBasalGanglia_ThalamicRadiationR_Posterior	tdi	MSMTAutoTrack	/data/qsiprep/sub-60532/ses-01/dwi/sub-60532_ses-01_acq-HBCD75_run-01_space-ACPC_desc-preproc_dwi.nii.gz	0.0	139.25916	220.95535	46.0	139.25916	46.0	220.95535	sub-60532	ses-01			acq-HBCD75	space-ACPC		run-01	MSMTAutoTrack	autotrack_fod_msmt
ProjectionBasalGanglia_ThalamicRadiationR_Superior	tdi	MSMTAutoTrack	/data/qsiprep/sub-60532/ses-01/dwi/sub-60532_ses-01_acq-HBCD75_run-01_space-ACPC_desc-preproc_dwi.nii.gz	0.0	155.61676	225.68336	62.0	155.61676	62.0	225.68336	sub-60532	ses-01			acq-HBCD75	space-ACPC		run-01	MSMTAutoTrack	autotrack_fod_msmt
ProjectionBasalGanglia_OpticRadiationL	tdi	MSMTAutoTrack	/data/qsiprep/sub-60532/ses-01/dwi/sub-60532_ses-01_acq-HBCD75_run-01_space-ACPC_desc-preproc_dwi.nii.gz	0.0	249.08621	360.16135	82.0	249.08621	82.0	360.16135	sub-60532	ses-01			acq-HBCD75	space-ACPC		run-01	MSMTAutoTrack	autotrack_fod_msmt
ProjectionBasalGanglia_OpticRadiationR	tdi	MSMTAutoTrack	/data/qsiprep/sub-60532/ses-01/dwi/sub-60532_ses-01_acq-HBCD75_run-01_space-ACPC_desc-preproc_dwi.nii.gz	0.0	175.07227	268.04517	52.0	175.07227	52.0	268.04517	sub-60532	ses-01			acq-HBCD75	space-ACPC		run-01	MSMTAutoTrack	autotrack_fod_msmt
ProjectionBasalGanglia_FornixL	tdi	MSMTAutoTrack	/data/qsiprep/sub-60532/ses-01/dwi/sub-60532_ses-01_acq-HBCD75_run-01_space-ACPC_desc-preproc_dwi.nii.gz	0.0	94.98163	134.9367	38.0	94.98163	38.0	134.9367	sub-60532	ses-01			acq-HBCD75	space-ACPC		run-01	MSMTAutoTrack	autotrack_fod_msmt
ProjectionBasalGanglia_FornixR	tdi	MSMTAutoTrack	/data/qsiprep/sub-60532/ses-01/dwi/sub-60532_ses-01_acq-HBCD75_run-01_space-ACPC_desc-preproc_dwi.nii.gz	0.0	94.695625	144.75671	33.0	94.695625	33.0	144.75671	sub-60532	ses-01			acq-HBCD75	space-ACPC		run-01	MSMTAutoTrack	autotrack_fod_msmt
ProjectionBasalGanglia_AnsaLenticularisL	tdi	MSMTAutoTrack	/data/qsiprep/sub-60532/ses-01/dwi/sub-60532_ses-01_acq-HBCD75_run-01_space-ACPC_desc-preproc_dwi.nii.gz	0.0	26.49742	36.282177	13.0	26.49742	13.0	36.282177	sub-60532	ses-01			acq-HBCD75	space-ACPC		run-01	MSMTAutoTrack	autotrack_fod_msmt
ProjectionBasalGanglia_AnsaLenticularisR	tdi	MSMTAutoTrack	/data/qsiprep/sub-60532/ses-01/dwi/sub-60532_ses-01_acq-HBCD75_run-01_space-ACPC_desc-preproc_dwi.nii.gz	0.0	26.57369	30.419815	15.0	26.57369	15.0	30.419815	sub-60532	ses-01			acq-HBCD75	space-ACPC		run-01	MSMTAutoTrack	autotrack_fod_msmt
ProjectionBasalGanglia_AnsaSubthalamicaL	tdi	MSMTAutoTrack	/data/qsiprep/sub-60532/ses-01/dwi/sub-60532_ses-01_acq-HBCD75_run-01_space-ACPC_desc-preproc_dwi.nii.gz	0.0	14.882744	18.289993	8.0	14.882744	8.0	18.289993	sub-60532	ses-01			acq-HBCD75	space-ACPC		run-01	MSMTAutoTrack	autotrack_fod_msmt
ProjectionBasalGanglia_AnsaSubthalamicaR	tdi	MSMTAutoTrack	/data/qsiprep/sub-60532/ses-01/dwi/sub-60532_ses-01_acq-HBCD75_run-01_space-ACPC_desc-preproc_dwi.nii.gz	0.0	16.340206	22.77556	7.0	16.340206	7.0	22.77556	sub-60532	ses-01			acq-HBCD75	space-ACPC		run-01	MSMTAutoTrack	autotrack_fod_msmt
ProjectionBasalGanglia_FasciculusLenticularisL	tdi	MSMTAutoTrack	/data/qsiprep/sub-60532/ses-01/dwi/sub-60532_ses-01_acq-HBCD75_run-01_space-ACPC_desc-preproc_dwi.nii.gz	0.0	21.705883	27.626743	9.0	21.705883	9.0	27.626743	sub-60532	ses-01			acq-HBCD75	space-ACPC		run-01	MSMTAutoTrack	autotrack_fod_msmt
ProjectionBasalGanglia_FasciculusLenticularisR	tdi	MSMTAutoTrack	/data/qsiprep/sub-60532/ses-01/dwi/sub-60532_ses-01_acq-HBCD75_run-01_space-ACPC_desc-preproc_dwi.nii.gz	0.0	25.451923	36.139523	11.0	25.451923	11.0	36.139523	sub-60532	ses-01			acq-HBCD75	space-ACPC		run-01	MSMTAutoTrack	autotrack_fod_msmt
ProjectionBasalGanglia_FasciculusSubthalamicusL	tdi	MSMTAutoTrack	/data/qsiprep/sub-60532/ses-01/dwi/sub-60532_ses-01_acq-HBCD75_run-01_space-ACPC_desc-preproc_dwi.nii.gz	0.0	42.42822	76.87375	14.0	42.42822	14.0	76.87375	sub-60532	ses-01			acq-HBCD75	space-ACPC		run-01	MSMTAutoTrack	autotrack_fod_msmt
ProjectionBasalGanglia_FasciculusSubthalamicusR	tdi	MSMTAutoTrack	/data/qsiprep/sub-60532/ses-01/dwi/sub-60532_ses-01_acq-HBCD75_run-01_space-ACPC_desc-preproc_dwi.nii.gz	0.0	24.238094	32.27285	10.0	24.238094	10.0	32.27285	sub-60532	ses-01			acq-HBCD75	space-ACPC		run-01	MSMTAutoTrack	autotrack_fod_msmt
ProjectionBrainstem_CorticospinalTractL	tdi	MSMTAutoTrack	/data/qsiprep/sub-60532/ses-01/dwi/sub-60532_ses-01_acq-HBCD75_run-01_space-ACPC_desc-preproc_dwi.nii.gz	0.0	74.53846	114.459114	27.0	74.53846	27.0	114.459114	sub-60532	ses-01			acq-HBCD75	space-ACPC		run-01	MSMTAutoTrack	autotrack_fod_msmt
ProjectionBrainstem_CorticospinalTractR	tdi	MSMTAutoTrack	/data/qsiprep/sub-60532/ses-01/dwi/sub-60532_ses-01_acq-HBCD75_run-01_space-ACPC_desc-preproc_dwi.nii.gz	0.0	57.669884	96.73496	19.5	57.669884	19.5	96.73496	sub-60532	ses-01			acq-HBCD75	space-ACPC		run-01	MSMTAutoTrack	autotrack_fod_msmt
ProjectionBrainstem_CorticobulbarTractL	tdi	MSMTAutoTrack	/data/qsiprep/sub-60532/ses-01/dwi/sub-60532_ses-01_acq-HBCD75_run-01_space-ACPC_desc-preproc_dwi.nii.gz	0.0	67.648834	79.11144	33.0	67.648834	33.0	79.11144	sub-60532	ses-01			acq-HBCD75	space-ACPC		run-01	MSMTAutoTrack	autotrack_fod_msmt
ProjectionBrainstem_CorticobulbarTractR	tdi	MSMTAutoTrack	/data/qsiprep/sub-60532/ses-01/dwi/sub-60532_ses-01_acq-HBCD75_run-01_space-ACPC_desc-preproc_dwi.nii.gz	0.0	73.60263	127.36491	24.0	73.60263	24.0	127.36491	sub-60532	ses-01			acq-HBCD75	space-ACPC		run-01	MSMTAutoTrack	autotrack_fod_msmt
ProjectionBrainstem_CorticopontineTractL_Frontal	tdi	MSMTAutoTrack	/data/qsiprep/sub-60532/ses-01/dwi/sub-60532_ses-01_acq-HBCD75_run-01_space-ACPC_desc-preproc_dwi.nii.gz	0.0	198.20105	361.4825	52.0	198.20105	52.0	361.4825	sub-60532	ses-01			acq-HBCD75	space-ACPC		run-01	MSMTAutoTrack	autotrack_fod_msmt
ProjectionBrainstem_CorticopontineTractL_Parietal	tdi	MSMTAutoTrack	/data/qsiprep/sub-60532/ses-01/dwi/sub-60532_ses-01_acq-HBCD75_run-01_space-ACPC_desc-preproc_dwi.nii.gz	0.0	142.35213	222.16164	56.0	142.35213	56.0	222.16164	sub-60532	ses-01			acq-HBCD75	space-ACPC		run-01	MSMTAutoTrack	autotrack_fod_msmt
ProjectionBrainstem_CorticopontineTractL_Occipital	tdi	MSMTAutoTrack	/data/qsiprep/sub-60532/ses-01/dwi/sub-60532_ses-01_acq-HBCD75_run-01_space-ACPC_desc-preproc_dwi.nii.gz	0.0	69.80804	129.44722	26.0	69.80804	26.0	129.44722	sub-60532	ses-01			acq-HBCD75	space-ACPC		run-01	MSMTAutoTrack	autotrack_fod_msmt
ProjectionBrainstem_CorticopontineTractR_Frontal	tdi	MSMTAutoTrack	/data/qsiprep/sub-60532/ses-01/dwi/sub-60532_ses-01_acq-HBCD75_run-01_space-ACPC_desc-preproc_dwi.nii.gz	0.0	125.547966	242.10986	34.0	125.547966	34.0	242.10986	sub-60532	ses-01			acq-HBCD75	space-ACPC		run-01	MSMTAutoTrack	autotrack_fod_msmt
ProjectionBrainstem_CorticopontineTractR_Parietal	tdi	MSMTAutoTrack	/data/qsiprep/sub-60532/ses-01/dwi/sub-60532_ses-01_acq-HBCD75_run-01_space-ACPC_desc-preproc_dwi.nii.gz	0.0	94.16933	177.024	31.0	94.16933	31.0	177.024	sub-60532	ses-01			acq-HBCD75	space-ACPC		run-01	MSMTAutoTrack	autotrack_fod_msmt
ProjectionBrainstem_CorticopontineTractR_Occipital	tdi	MSMTAutoTrack	/data/qsiprep/sub-60532/ses-01/dwi/sub-60532_ses-01_acq-HBCD75_run-01_space-ACPC_desc-preproc_dwi.nii.gz	0.0	136.3422	293.9541	34.0	136.3422	34.0	293.9541	sub-60532	ses-01			acq-HBCD75	space-ACPC		run-01	MSMTAutoTrack	autotrack_fod_msmt
ProjectionBrainstem_MedialLemniscusL	tdi	MSMTAutoTrack	/data/qsiprep/sub-60532/ses-01/dwi/sub-60532_ses-01_acq-HBCD75_run-01_space-ACPC_desc-preproc_dwi.nii.gz	0.0	109.84445	192.80524	33.0	109.84445	33.0	192.80524	sub-60532	ses-01			acq-HBCD75	space-ACPC		run-01	MSMTAutoTrack	autotrack_fod_msmt
ProjectionBrainstem_MedialLemniscusR	tdi	MSMTAutoTrack	/data/qsiprep/sub-60532/ses-01/dwi/sub-60532_ses-01_acq-HBCD75_run-01_space-ACPC_desc-preproc_dwi.nii.gz	0.0	123.10914	213.59561	33.0	123.10914	33.0	213.59561	sub-60532	ses-01			acq-HBCD75	space-ACPC		run-01	MSMTAutoTrack	autotrack_fod_msmt
ProjectionBrainstem_DentatorubrothalamicTract-rl	tdi	MSMTAutoTrack	/data/qsiprep/sub-60532/ses-01/dwi/sub-60532_ses-01_acq-HBCD75_run-01_space-ACPC_desc-preproc_dwi.nii.gz	0.0	93.8634	179.80557	27.0	93.8634	27.0	179.80557	sub-60532	ses-01			acq-HBCD75	space-ACPC		run-01	MSMTAutoTrack	autotrack_fod_msmt
ProjectionBrainstem_NonDecussatingDentatorubrothalamicTractL	tdi	MSMTAutoTrack	/data/qsiprep/sub-60532/ses-01/dwi/sub-60532_ses-01_acq-HBCD75_run-01_space-ACPC_desc-preproc_dwi.nii.gz	0.0	194.15862	365.39868	47.0	194.15862	47.0	365.39868	sub-60532	ses-01			acq-HBCD75	space-ACPC		run-01	MSMTAutoTrack	autotrack_fod_msmt
ProjectionBrainstem_NonDecussatingDentatorubrothalamicTractR	tdi	MSMTAutoTrack	/data/qsiprep/sub-60532/ses-01/dwi/sub-60532_ses-01_acq-HBCD75_run-01_space-ACPC_desc-preproc_dwi.nii.gz	0.0	246.39891	456.8657	68.0	246.39891	68.0	456.8657	sub-60532	ses-01			acq-HBCD75	space-ACPC		run-01	MSMTAutoTrack	autotrack_fod_msmt
ProjectionBrainstem_ReticularTractL	tdi	MSMTAutoTrack	/data/qsiprep/sub-60532/ses-01/dwi/sub-60532_ses-01_acq-HBCD75_run-01_space-ACPC_desc-preproc_dwi.nii.gz	0.0	166.72331	483.6448	30.0	166.72331	30.0	483.6448	sub-60532	ses-01			acq-HBCD75	space-ACPC		run-01	MSMTAutoTrack	autotrack_fod_msmt
ProjectionBrainstem_ReticularTractR	tdi	MSMTAutoTrack	/data/qsiprep/sub-60532/ses-01/dwi/sub-60532_ses-01_acq-HBCD75_run-01_space-ACPC_desc-preproc_dwi.nii.gz	0.0	131.05646	328.95428	29.0	131.05646	29.0	328.95428	sub-60532	ses-01			acq-HBCD75	space-ACPC		run-01	MSMTAutoTrack	autotrack_fod_msmt
ProjectionBrainstem_MedialForebrainBundleL	tdi	MSMTAutoTrack	/data/qsiprep/sub-60532/ses-01/dwi/sub-60532_ses-01_acq-HBCD75_run-01_space-ACPC_desc-preproc_dwi.nii.gz	0.0	48.397156	83.71764	17.0	48.397156	17.0	83.71764	sub-60532	ses-01			acq-HBCD75	space-ACPC		run-01	MSMTAutoTrack	autotrack_fod_msmt
ProjectionBrainstem_MedialForebrainBundleR	tdi	MSMTAutoTrack	/data/qsiprep/sub-60532/ses-01/dwi/sub-60532_ses-01_acq-HBCD75_run-01_space-ACPC_desc-preproc_dwi.nii.gz	0.0	39.0756	55.1278	17.0	39.0756	17.0	55.1278	sub-60532	ses-01			acq-HBCD75	space-ACPC		run-01	MSMTAutoTrack	autotrack_fod_msmt
Commissure_AnteriorCommissure_Frontal	tdi	MSMTAutoTrack	/data/qsiprep/sub-60532/ses-01/dwi/sub-60532_ses-01_acq-HBCD75_run-01_space-ACPC_desc-preproc_dwi.nii.gz	0.0	53.77481	66.89971	25.0	53.77481	25.0	66.89971	sub-60532	ses-01			acq-HBCD75	space-ACPC		run-01	MSMTAutoTrack	autotrack_fod_msmt
Commissure_AnteriorCommissure_Temporal	tdi	MSMTAutoTrack	/data/qsiprep/sub-60532/ses-01/dwi/sub-60532_ses-01_acq-HBCD75_run-01_space-ACPC_desc-preproc_dwi.nii.gz	0.0	216.8347	369.55328	67.0	216.8347	67.0	369.55328	sub-60532	ses-01			acq-HBCD75	space-ACPC		run-01	MSMTAutoTrack	autotrack_fod_msmt
Commissure_AnteriorCommissure_Occipital	tdi	MSMTAutoTrack	/data/qsiprep/sub-60532/ses-01/dwi/sub-60532_ses-01_acq-HBCD75_run-01_space-ACPC_desc-preproc_dwi.nii.gz	0.0	37.092457	37.499798	22.0	37.092457	22.0	37.499798	sub-60532	ses-01			acq-HBCD75	space-ACPC		run-01	MSMTAutoTrack	autotrack_fod_msmt
Commissure_CorpusCallosum_ForcepsMinor	tdi	MSMTAutoTrack	/data/qsiprep/sub-60532/ses-01/dwi/sub-60532_ses-01_acq-HBCD75_run-01_space-ACPC_desc-preproc_dwi.nii.gz	0.0	191.79546	274.34494	71.0	191.79546	71.0	274.34494	sub-60532	ses-01			acq-HBCD75	space-ACPC		run-01	MSMTAutoTrack	autotrack_fod_msmt
Commissure_CorpusCallosum_Body	tdi	MSMTAutoTrack	/data/qsiprep/sub-60532/ses-01/dwi/sub-60532_ses-01_acq-HBCD75_run-01_space-ACPC_desc-preproc_dwi.nii.gz	0.0	168.57925	276.0219	68.0	168.57925	68.0	276.0219	sub-60532	ses-01			acq-HBCD75	space-ACPC		run-01	MSMTAutoTrack	autotrack_fod_msmt
Commissure_CorpusCallosum_Tapetum	tdi	MSMTAutoTrack	/data/qsiprep/sub-60532/ses-01/dwi/sub-60532_ses-01_acq-HBCD75_run-01_space-ACPC_desc-preproc_dwi.nii.gz	0.0	582.0577	1154.6547	111.0	582.0577	111.0	1154.6547	sub-60532	ses-01			acq-HBCD75	space-ACPC		run-01	MSMTAutoTrack	autotrack_fod_msmt
Commissure_CorpusCallosum_ForcepsMajor	tdi	MSMTAutoTrack	/data/qsiprep/sub-60532/ses-01/dwi/sub-60532_ses-01_acq-HBCD75_run-01_space-ACPC_desc-preproc_dwi.nii.gz	0.0	285.79492	461.9071	98.0	285.79492	98.0	461.9071	sub-60532	ses-01			acq-HBCD75	space-ACPC		run-01	MSMTAutoTrack	autotrack_fod_msmt
Cerebellum_CerebellumL	tdi	MSMTAutoTrack	/data/qsiprep/sub-60532/ses-01/dwi/sub-60532_ses-01_acq-HBCD75_run-01_space-ACPC_desc-preproc_dwi.nii.gz	0.0	68.9181	62.737137	54.5	68.9181	54.5	62.737137	sub-60532	ses-01			acq-HBCD75	space-ACPC		run-01	MSMTAutoTrack	autotrack_fod_msmt
Cerebellum_CerebellumR	tdi	MSMTAutoTrack	/data/qsiprep/sub-60532/ses-01/dwi/sub-60532_ses-01_acq-HBCD75_run-01_space-ACPC_desc-preproc_dwi.nii.gz	0.0	60.96858	63.52611	43.0	60.96858	43.0	63.52611	sub-60532	ses-01			acq-HBCD75	space-ACPC		run-01	MSMTAutoTrack	autotrack_fod_msmt
Cerebellum_InferiorCerebellarPeduncleL	tdi	MSMTAutoTrack	/data/qsiprep/sub-60532/ses-01/dwi/sub-60532_ses-01_acq-HBCD75_run-01_space-ACPC_desc-preproc_dwi.nii.gz	0.0	115.968575	206.26396	33.0	115.968575	33.0	206.26396	sub-60532	ses-01			acq-HBCD75	space-ACPC		run-01	MSMTAutoTrack	autotrack_fod_msmt
Cerebellum_InferiorCerebellarPeduncleR	tdi	MSMTAutoTrack	/data/qsiprep/sub-60532/ses-01/dwi/sub-60532_ses-01_acq-HBCD75_run-01_space-ACPC_desc-preproc_dwi.nii.gz	0.0	131.67976	255.54857	35.0	131.67976	35.0	255.54857	sub-60532	ses-01			acq-HBCD75	space-ACPC		run-01	MSMTAutoTrack	autotrack_fod_msmt
Cerebellum_MiddleCerebellarPeduncle	tdi	MSMTAutoTrack	/data/qsiprep/sub-60532/ses-01/dwi/sub-60532_ses-01_acq-HBCD75_run-01_space-ACPC_desc-preproc_dwi.nii.gz	0.0	109.39984	187.05211	34.0	109.39984	34.0	187.05211	sub-60532	ses-01			acq-HBCD75	space-ACPC		run-01	MSMTAutoTrack	autotrack_fod_msmt
Cerebellum_SuperiorCerebellarPeduncle	tdi	MSMTAutoTrack	/data/qsiprep/sub-60532/ses-01/dwi/sub-60532_ses-01_acq-HBCD75_run-01_space-ACPC_desc-preproc_dwi.nii.gz	0.0	129.79189	192.20041	50.0	129.79189	50.0	192.20041	sub-60532	ses-01			acq-HBCD75	space-ACPC		run-01	MSMTAutoTrack	autotrack_fod_msmt
Cerebellum_Vermis	tdi	MSMTAutoTrack	/data/qsiprep/sub-60532/ses-01/dwi/sub-60532_ses-01_acq-HBCD75_run-01_space-ACPC_desc-preproc_dwi.nii.gz	0.0	51.408222	71.068184	25.0	51.408222	25.0	71.068184	sub-60532	ses-01			acq-HBCD75	space-ACPC		run-01	MSMTAutoTrack	autotrack_fod_msmt
