framewise_displacement	trans_x	trans_y	trans_z	rot_x	rot_y	rot_z	eddy_stdevs	original_file	grad_x	grad_y	grad_z	bval	image_mean	series_b0_mean	series_b0_correction	DWIDenoise_pre	DWIDenoise_post	DWIDenoise_change	Gibbs_pre	Gibbs_post	Gibbs_change
n/a	0.0	0.0	0.0	0.0	-0.0	0.0	0.0	sub-60476_ses-01_acq-HBCD75_rec-norm_dir-PA_run-01_part-mag_dwi.nii.gz	-0.5	-0.5	0.707107	5.0	1448.7533511454342	1437.8511003863562	1.0071710532189837	-625.9421279123347	-625.9240545579522	-0.0696929475333573	1441.7228971350733	1438.4382602290443	0.0540002519856955
0.047123111251	0.005689754933	0.01351526889	-0.005526649833	0.0001638718677	-0.0002349852875	-4.89715967e-05	0.0	sub-60476_ses-01_acq-HBCD75_rec-norm_dir-PA_run-01_part-mag_dwi.nii.gz	-0.5	-0.5	0.707107	5.0	1448.1912704989727	1437.8511003863562	1.0071710532189837	-624.6380145847965	-624.5809319033228	-0.0695036146156073	1441.203429770075	1437.8801817095766	0.0541313364632725
0.06551447913899999	-0.005707966749	0.03185328452	-0.003596627991	0.0004254165106	-0.0003223755048	-0.0003770111362	0.0	sub-60476_ses-01_acq-HBCD75_rec-norm_dir-PA_run-01_part-mag_dwi.nii.gz	-0.5	-0.5	0.707107	5.0	1447.8445661981289	1437.8511003863562	1.0071710532189837	-621.3406983241814	-621.3765387988263	-0.0700029629024902	1440.8730444434702	1437.5359458722294	0.0536205668583195
0.07461086473729998	0.0003534098638	0.02115259931	-0.01700069065	0.0001291526423	-0.0005565456231	-1.855031769e-05	0.0	sub-60476_ses-01_acq-HBCD75_rec-norm_dir-PA_run-01_part-mag_dwi.nii.gz	-0.5	-0.5	0.707107	5.0	1452.245666485716	1437.8511003863562	1.0071710532189837	-626.6132723024268	-626.6757187584493	-0.0690380472000989	1445.2782548222224	1441.9057103247414	0.0537657474269543
0.0975198312777	0.005091410277	0.07751721431	-0.04185667462	0.0001444619702	-0.0005092902575	0.0001501096267	0.0	sub-60476_ses-01_acq-HBCD75_rec-norm_dir-PA_run-01_part-mag_dwi.nii.gz	-0.5	-0.5	0.707107	5.0	1451.4961480653851	1437.8511003863562	1.0071710532189837	-628.7441909327699	-628.6750869417564	-0.0687913266624602	1444.514579259389	1441.1615286576578	0.0538809786061445
0.122524458196	0.01724043502	0.08953168434	-0.009753036142000002	-0.0007744184695	-0.000285459304	0.0003325447324	0.0	sub-60476_ses-01_acq-HBCD75_rec-norm_dir-PA_run-01_part-mag_dwi.nii.gz	-0.5	-0.5	0.707107	5.0	1457.1490798041657	1437.8511003863562	1.0071710532189837	-620.8387356575784	-620.8761339083661	-0.0699820967369947	1450.227298267897	1446.7742115544663	0.0540850792333355
0.40763052892300006	0.04847612916	0.3650243054	-0.04890274313	-0.0003214687458	0.0002391814633	0.0005900043761	-13.658155599999999	sub-60476_ses-01_acq-HBCD75_rec-norm_dir-PA_run-01_part-mag_dwi.nii.gz	-0.195082	0.955372	0.221827	2000.0	324.89675926434467	1437.8511003863562	1.0071710532189837	-72.32063527571313	-72.24584999830981	-0.6204592955959761	322.8867135502606	322.58350175468416	0.0670176148077043
0.44221277109500007	0.01805140238	0.06529101524	-0.01780751187	-0.0003933898115	-0.0009662218508	0.000248138298	-5.144768600000002	sub-60476_ses-01_acq-HBCD75_rec-norm_dir-PA_run-01_part-mag_dwi.nii.gz	-0.484749	-0.85113	-0.201485	1000.0	563.5155677746844	1437.8511003863562	1.0071710532189837	-169.13507847617703	-169.24450302755412	-0.2569411707066839	560.3192802283318	559.5033497633458	0.0529518893071622
0.67323748712	0.04450419808	0.5958944068	-0.01871961041	-0.0003405473835	-0.0002011850884	0.001735643134	26.6253491	sub-60476_ses-01_acq-HBCD75_rec-norm_dir-PA_run-01_part-mag_dwi.nii.gz	-0.708099	0.15677	-0.68849	2990.0	223.5357637926414	1437.8511003863562	1.0071710532189837	-11.153622247478378	-11.197469076739434	-4.075712329658591	222.0169766438181	221.9441942307276	0.0774390000652649
0.449981286335	0.0331405954	0.2924958654	0.02256838877	-0.001193079865	0.0006029533106	0.001513691153	37.8067967	sub-60476_ses-01_acq-HBCD75_rec-norm_dir-PA_run-01_part-mag_dwi.nii.gz	0.794158	0.211949	0.569553	3005.0	229.30532067629605	1437.8511003863562	1.0071710532189837	-9.043033265282723	-9.083562985624347	-5.018378785542948	227.726184136092	227.6726720124093	0.0766113236226048
0.571486781918	-0.006736267068	-0.0319791908	0.05178210534	0.0008521440904999998	0.0002509884071	0.0003524570784	4.889860099999998	sub-60476_ses-01_acq-HBCD75_rec-norm_dir-PA_run-01_part-mag_dwi.nii.gz	0.31446	-0.0617129	0.947263	1005.0	561.9797590141287	1437.8511003863562	1.0071710532189837	-42.66129270920441	-42.72514875296295	-0.9730613426259972	558.7962879508324	557.9784759387345	0.053158068691599
0.2022443817295	0.003714919442	0.0732396139	0.04151316088	0.0007430730038	-0.0007480754284	-6.551692059e-05	-7.941914499999999	sub-60476_ses-01_acq-HBCD75_rec-norm_dir-PA_run-01_part-mag_dwi.nii.gz	-0.970449	0.196147	-0.140551	500.0	825.3350585963686	1437.8511003863562	1.0071710532189837	-193.80809175223663	-193.94714148001125	-0.214857796879623	820.8233005023948	819.4586917940334	0.0464284751336805
0.4127853052275	0.03463289468	0.3812748621	-0.01415992605	0.000673134462	-0.0006265561678	0.0001062051742	-29.188868	sub-60476_ses-01_acq-HBCD75_rec-norm_dir-PA_run-01_part-mag_dwi.nii.gz	0.454904	-0.710799	-0.536496	1995.0	326.3253589129837	1437.8511003863562	1.0071710532189837	-0.983432425944281	-1.070715075058004	-45.04889482292776	324.2972859851971	324.0019297992243	0.0663202775720988
0.368255950286	-0.006163421106	0.1681916472	0.03419518321	0.001276000985	-0.0009153530118	-0.0003225576656	8.4173719	sub-60476_ses-01_acq-HBCD75_rec-norm_dir-PA_run-01_part-mag_dwi.nii.gz	-0.00591372	-0.662289	-0.749225	2990.0	229.32263752742645	1437.8511003863562	1.0071710532189837	-4.381017051963043	-4.330309844124849	-10.402814942651704	227.7927160159228	227.6898655822156	0.0770659475002206
0.6712891618168001	-0.0003636095442	0.7687822714	0.05282296541	0.0006594907027	-0.000763076765	-0.0001659253176	18.167661099999997	sub-60476_ses-01_acq-HBCD75_rec-norm_dir-PA_run-01_part-mag_dwi.nii.gz	0.101034	-0.92238	0.372836	3005.0	213.03550063683608	1437.8511003863562	1.0071710532189837	1.2771519256808996	1.3126375965233008	35.87766194246549	211.59573373818608	211.5186927428689	0.0815878210819911
0.6357518006542	0.02774513641	0.2811979287	0.04355786334	-0.0003090778191	-0.0001434925216	0.0004617941158	-5.466652500000002	sub-60476_ses-01_acq-HBCD75_rec-norm_dir-PA_run-01_part-mag_dwi.nii.gz	0.894373	-0.446621	0.0250455	2000.0	322.93526320121	1437.8511003863562	1.0071710532189837	38.91324884975192	39.00677188579848	1.1602768540925874	320.95126302116057	320.63597144813264	0.0653126233220369
0.2572618708045	0.02628920624	0.4694851893	0.008673563782	-0.0006858421257	-9.875561227e-05	0.0002306077222	35.3488451	sub-60476_ses-01_acq-HBCD75_rec-norm_dir-PA_run-01_part-mag_dwi.nii.gz	0.0905577	-0.256586	0.96227	2010.0	324.0054159115259	1437.8511003863562	1.0071710532189837	4.719717821161465	4.767992211770036	9.433369795123271	322.0074407307216	321.69850474268605	0.065667711663293
0.3386768489215	0.001494968291	0.2755101869	-0.007654020785	-9.950935782e-05	-0.0008373389719	-0.0005160766304	18.029405060000002	sub-60476_ses-01_acq-HBCD75_rec-norm_dir-PA_run-01_part-mag_dwi.nii.gz	0.939771	0.166786	0.29835	1000.0	569.3314542929752	1437.8511003863562	1.0071710532189837	-71.29696559056364	-71.30473492135927	-0.6079723534275072	566.0859428363765	565.2778273061786	0.0517873610849495
0.3236084854900001	-0.0315426866	0.08133288929	-0.05169812358	-0.0007307207561	-0.0005586952902	-0.0006532101543	0.0	sub-60476_ses-01_acq-HBCD75_rec-norm_dir-PA_run-01_part-mag_dwi.nii.gz	-0.5	-0.5	0.707107	5.0	1453.9666358421955	1437.8511003863562	1.0071710532189837	-617.7820735661402	-617.7590974385994	-0.0703859387764802	1447.0036134575903	1443.614426422542	0.0540605971493357
0.334703648415	-0.01324038882	0.2246679979	-0.01473205203	0.0004755831615	-0.002037194557	-0.0006160099292	50.1724679	sub-60476_ses-01_acq-HBCD75_rec-norm_dir-PA_run-01_part-mag_dwi.nii.gz	-0.893037	0.0102547	0.449867	1005.0	567.3899314808165	1437.8511003863562	1.0071710532189837	33.384030955916934	33.40905154662866	1.2759589353545484	564.1740389938359	563.3501280855567	0.0520644459989299
0.460784641976	0.02313088496	0.5000098168	0.006190009259	5.627800056e-05	-0.001154432772	0.000644912885	5.933531759999999	sub-60476_ses-01_acq-HBCD75_rec-norm_dir-PA_run-01_part-mag_dwi.nii.gz	0.406066	0.878486	0.25174	3000.0	225.79987541182072	1437.8511003863562	1.0071710532189837	-41.162216168686015	-41.162154590673865	-1.110347176578165	224.2741650443528	224.19218545506	0.079109645975788
0.546139634354	0.009046808103	0.06342376549	-0.03148319122	-0.0003187401744	-0.00148437859	0.0001939507638	10.925286	sub-60476_ses-01_acq-HBCD75_rec-norm_dir-PA_run-01_part-mag_dwi.nii.gz	0.509709	-0.36432	-0.779402	1995.0	329.9503928999585	1437.8511003863562	1.0071710532189837	-14.668572861508627	-14.644263184805364	-3.011142482802257	327.9482425516787	327.6011536119512	0.0649192886947445
0.190369125022	0.01628968709	0.1605296528	-0.05042179569	-0.0007739834837	-0.001399120199	-0.000607182621	-2.868913290000002	sub-60476_ses-01_acq-HBCD75_rec-norm_dir-PA_run-01_part-mag_dwi.nii.gz	0.40648	-0.87927	-0.248312	2995.0	219.57448390418932	1437.8511003863562	1.0071710532189837	10.179934549387168	10.261165335823524	4.49572348296155	218.0936334674908	218.01111859955483	0.080285791241374
0.236944209087	-0.007234631301999998	0.02233577428	-0.06461268947	-0.0008987605105999999	-0.001758198719	-0.001344029442	-20.526986370000003	sub-60476_ses-01_acq-HBCD75_rec-norm_dir-PA_run-01_part-mag_dwi.nii.gz	0.843989	-0.458524	-0.278278	1995.0	324.03594006832725	1437.8511003863562	1.0071710532189837	33.39844909058038	33.4172230537192	1.3454192238894995	322.05902446849313	321.7288115452995	0.0652499758196528
0.5119351823520001	0.02466326423	0.3329025445	-0.08590745469999998	-0.001982351765	-0.002035611076	0.000258481974	30.763335299999998	sub-60476_ses-01_acq-HBCD75_rec-norm_dir-PA_run-01_part-mag_dwi.nii.gz	-0.170221	-0.125728	0.977352	3010.0	225.2589130259253	1437.8511003863562	1.0071710532189837	10.229913949215195	10.277094050488715	4.447877209184552	223.7338733320074	223.65507468440543	0.076635610170621
0.295209037	0.04286929746	0.2688410497	-0.05110653817	0.0004470676067	-0.001472249511	0.0008285128861	-8.6993936	sub-60476_ses-01_acq-HBCD75_rec-norm_dir-PA_run-01_part-mag_dwi.nii.gz	-0.132208	0.850525	0.509046	3005.0	228.604803557365	1437.8511003863562	1.0071710532189837	-28.224728201925444	-28.18786507319188	-1.618490544800511	227.07211861453703	226.97714256580792	0.0789111130773424
0.245615176695	-0.02957109589	0.2577285506	0.00538966575	0.0005142351147	-0.002258798108	-0.0004290926154	11.082699400000001	sub-60476_ses-01_acq-HBCD75_rec-norm_dir-PA_run-01_part-mag_dwi.nii.gz	-0.895719	-0.0103137	-0.444501	995.0	570.1127690012484	1437.8511003863562	1.0071710532189837	-10.441807959626487	-10.458122076975831	-4.088835767809754	566.8998770313054	566.0535790644255	0.0522230748469412
0.26651134022600004	-0.005982214939	0.3776487489	0.03000748149	0.0005781399668	-0.00258556148	-0.002006113296	10.778336699999999	sub-60476_ses-01_acq-HBCD75_rec-norm_dir-PA_run-01_part-mag_dwi.nii.gz	-0.829906	0.310256	0.463677	2005.0	328.6705756825	1437.8511003863562	1.0071710532189837	21.98312516645173	21.970128055979696	2.029018086629342	326.63104873049645	326.3304486865102	0.0644431066557816
0.4355147671345	-0.04087588479	0.1658747364	-0.004601327052	0.00012361072	-0.002013579942	5.214144403e-05	22.159221799999997	sub-60476_ses-01_acq-HBCD75_rec-norm_dir-PA_run-01_part-mag_dwi.nii.gz	-0.0846651	0.76284	-0.64102	495.0	812.0056391847905	1437.8511003863562	1.0071710532189837	-105.02188034906064	-105.08347508457604	-0.3758102773862903	807.6859293198893	806.2241775524918	0.0488099533236051
0.1804985155095	-0.008508930095	0.221123384	-0.02582415246	0.0005283636856	-0.002632281044	-0.0003576062445	-11.407407500000001	sub-60476_ses-01_acq-HBCD75_rec-norm_dir-PA_run-01_part-mag_dwi.nii.gz	-0.551081	0.42057	0.720715	2005.0	330.00167530861324	1437.8511003863562	1.0071710532189837	23.020065082992005	23.059928959149246	1.932385912114688	327.9604073901249	327.6520708795931	0.0646518179096987
0.5935139672725	0.003844367781	0.7088313278	-0.03270717934	-9.480278823e-05	-0.002304907423	-0.001138460124	51.5063054	sub-60476_ses-01_acq-HBCD75_rec-norm_dir-PA_run-01_part-mag_dwi.nii.gz	0.101186	0.923656	-0.369623	2995.0	214.86035558902677	1437.8511003863562	1.0071710532189837	3.668045457549472	3.6830401927252177	12.48570357812474	213.4211679694421	213.3305547711608	0.0813113158650123
0.7175024313595001	-0.04104963993	0.17427798	0.02342670518	-0.0002263299248	-0.001685446827	-0.002025896218	0.7719357000000007	sub-60476_ses-01_acq-HBCD75_rec-norm_dir-PA_run-01_part-mag_dwi.nii.gz	-0.170663	0.126467	-0.97718	1990.0	328.01181416838466	1437.8511003863562	1.0071710532189837	-26.010658846782512	-25.99655453609494	-1.7075895337651703	326.0001579710876	325.676377546546	0.0651154653883558
0.73708706281	-0.03753029391	-0.3902399834	-0.01593306625	0.0005434217164	-0.002512210514	-0.001028611907	0.0	sub-60476_ses-01_acq-HBCD75_rec-norm_dir-PA_run-01_part-mag_dwi.nii.gz	-0.5	-0.5	0.707107	5.0	1443.6671168391117	1437.8511003863562	1.0071710532189837	-518.5677651794357	-518.4935050896751	-0.0775977706138826	1436.7072172293158	1433.38823995675	0.0539075723815269
0.772210191386	-0.008015912364	0.1899246736	-0.04470540669	-0.001238175784	-0.002483614488	-0.0001636291854	42.076017199999995	sub-60476_ses-01_acq-HBCD75_rec-norm_dir-PA_run-01_part-mag_dwi.nii.gz	-0.853359	0.294167	-0.4304	2995.0	220.8945333714784	1437.8511003863562	1.0071710532189837	5.537405346321441	5.528588344113292	8.20765134950321	219.39535379061743	219.3217693411153	0.0794486442862465
0.205904965389	0.08585879036999998	0.1461537775	-0.04938628127	-0.00114930328	-0.001461013453	-0.0003237254859	24.5462043	sub-60476_ses-01_acq-HBCD75_rec-norm_dir-PA_run-01_part-mag_dwi.nii.gz	-0.864535	-0.485305	0.130607	3000.0	225.83851832310552	1437.8511003863562	1.0071710532189837	41.303784589483726	41.3893797602266	1.1065370328181086	224.31975569945607	224.23055321775888	0.0778191771151068
0.34336452268999995	0.01300828503	-0.09516570816	-0.05009512311	-0.001178944367	-0.001562058111	-0.0007627535378999998	-13.5919256	sub-60476_ses-01_acq-HBCD75_rec-norm_dir-PA_run-01_part-mag_dwi.nii.gz	0.111892	-0.966119	-0.232582	2000.0	323.4380550924463	1437.8511003863562	1.0071710532189837	-53.63818462085965	-53.716674040959965	-0.8375111451089724	321.4460207920533	321.13518352366515	0.0664809550296798
0.389247914865	-0.04095723408	0.1367859436	-0.04147618877	-0.0010259595	-0.002191399224	-0.001874663751	71.37368849	sub-60476_ses-01_acq-HBCD75_rec-norm_dir-PA_run-01_part-mag_dwi.nii.gz	0.47002	-0.880906	0.0555523	1000.0	547.5257166434935	1437.8511003863562	1.0071710532189837	-119.07998305983324	-119.23487711478523	-0.3668119815380512	544.4664383095317	543.6273460143436	0.0541264093506771
0.723481588405	0.07174532527	0.566249204	-0.0294594872	-0.0005298742908	-0.001553856418	0.0003776895755	-22.955133699999998	sub-60476_ses-01_acq-HBCD75_rec-norm_dir-PA_run-01_part-mag_dwi.nii.gz	-0.667384	0.570435	0.478751	3005.0	222.7408039887985	1437.8511003863562	1.0071710532189837	11.81351938828102	11.80227480968895	3.842886274737917	221.2257626545193	221.15489454746967	0.0797074681133916
0.32891297545000003	0.01127756913	0.4300275774	-0.07578869334	-0.00161637913	-0.00127366581	0.0007288818597	6.545400900000001	sub-60476_ses-01_acq-HBCD75_rec-norm_dir-PA_run-01_part-mag_dwi.nii.gz	-0.0438383	-0.114967	-0.992402	2990.0	225.8768249441192	1437.8511003863562	1.0071710532189837	-5.229309422293075	-5.298551997625832	-8.727680589407061	224.3757770585578	224.2685870899854	0.0763221489702781
0.46119111282	0.02611602758	0.1602193574	-0.1076979868	-0.0005191314849	-0.001790927723	-0.0005493114004	-11.764688143	sub-60476_ses-01_acq-HBCD75_rec-norm_dir-PA_run-01_part-mag_dwi.nii.gz	0.174312	-0.835311	-0.521413	2995.0	227.39548882510817	1437.8511003863562	1.0071710532189837	-23.87615800892988	-23.80947810713963	-1.913274993401744	225.8653123433297	225.77643813313009	0.0782677981735193
0.31668413413600005	-0.007222166476	0.01037907355	-0.05379411395	-0.0009271528106	-0.002733989619	-0.0003083589545	40.75216044	sub-60476_ses-01_acq-HBCD75_rec-norm_dir-PA_run-01_part-mag_dwi.nii.gz	0.397495	-0.844057	0.359951	500.0	801.9866058557566	1437.8511003863562	1.0071710532189837	-136.36643663550194	-136.45544339028496	-0.2940584752579841	797.6601991242443	796.2764795117165	0.0480415545284986
0.795594315501	0.06737465973	0.4805985456	-0.1688989896	-0.001818957389	-0.003197415266	0.001049873652	30.934181982	sub-60476_ses-01_acq-HBCD75_rec-norm_dir-PA_run-01_part-mag_dwi.nii.gz	-0.440656	-0.214526	0.871666	3010.0	223.7676953408264	1437.8511003863562	1.0071710532189837	9.78498124167797	9.725399709624124	4.623738347466189	222.2450493408335	222.1744744338587	0.0781393177794954
0.93592337472	-0.03988514044	-0.04119363855	-0.1024683881	-0.001596190268	-0.002628349001	-0.00296710874	-14.179403879999999	sub-60476_ses-01_acq-HBCD75_rec-norm_dir-PA_run-01_part-mag_dwi.nii.gz	0.28948	-0.578006	-0.762962	495.0	825.3083435846538	1437.8511003863562	1.0071710532189837	-47.259770905021234	-47.247171663292434	-0.8239067617264882	820.7538293540482	819.4321669718993	0.046713452812872
0.69324561455	0.04439464736	0.3513270919	-0.147210329	-0.001289921231	-0.002818923211	-2.9888879e-05	37.444213000000005	sub-60476_ses-01_acq-HBCD75_rec-norm_dir-PA_run-01_part-mag_dwi.nii.gz	-0.969506	-0.196872	0.145947	2000.0	332.89731847793865	1437.8511003863562	1.0071710532189837	46.104263343260186	46.04131201844444	0.9716566068603651	330.8258377965851	330.5270971684443	0.0640040418123824
0.182471555531	0.003235670679	0.3011519044	-0.1455369977	-0.00110030931	-0.002412617905	-0.001223252853	1.9306985000000008	sub-60476_ses-01_acq-HBCD75_rec-norm_dir-PA_run-01_part-mag_dwi.nii.gz	-0.726238	-0.661366	-0.187546	3000.0	225.38615759214755	1437.8511003863562	1.0071710532189837	2.525124194014232	2.571254049587446	18.163188141989	223.8954925849806	223.7814132802548	0.0783822342903575
0.361163268416	-0.005960354847	0.06673423066	-0.1762488458	-0.0007969718426	-0.002393195638	0.0001907418336	-8.2119805	sub-60476_ses-01_acq-HBCD75_rec-norm_dir-PA_run-01_part-mag_dwi.nii.gz	0.173764	0.83361	0.524309	2005.0	331.0035706521498	1437.8511003863562	1.0071710532189837	-30.12714669305521	-30.087557897972648	-1.4809467838437418	328.95261774614954	328.64683279924407	0.0656857458538553
0.366174008983	-0.03052224193	-0.1518868079	-0.1516644162	-0.00175633491	-0.002519448521	-0.0006917752908	0.0	sub-60476_ses-01_acq-HBCD75_rec-norm_dir-PA_run-01_part-mag_dwi.nii.gz	-0.5	-0.5	0.707107	5.0	1446.5873633236354	1437.8511003863562	1.0071710532189837	-588.6219894086896	-588.6214097857819	-0.0722428623754623	1439.6545843535932	1436.2876942884072	0.0536139792141395
0.579616481761	0.005069211196	0.2664602058	-0.1277752933	-0.0008414551849	-0.002675822936	0.0002727484098	-2.1007441999999994	sub-60476_ses-01_acq-HBCD75_rec-norm_dir-PA_run-01_part-mag_dwi.nii.gz	0.658719	0.703453	0.266914	2000.0	329.1893327873038	1437.8511003863562	1.0071710532189837	-36.53203527338821	-36.50812087788169	-1.2318918170751212	327.1691635557764	326.8455122138575	0.0651750771237133
0.359822079426	-0.02533107273	0.0719861231	-0.04336653198	-0.0006460815202	-0.002408338245	-0.0002751722641	30.4690468	sub-60476_ses-01_acq-HBCD75_rec-norm_dir-PA_run-01_part-mag_dwi.nii.gz	0.470152	0.881181	-0.049766	1000.0	560.8881806819207	1437.8511003863562	1.0071710532189837	-133.71898883260258	-133.66807624448228	-0.3231619518341141	557.7319706478811	556.8946696301057	0.0537549066772199
0.6403910156000001	-0.02759509455	0.6192638228	-0.01123749734	-0.001474174322	-0.00245350902	-0.0005763138761	82.8834273	sub-60476_ses-01_acq-HBCD75_rec-norm_dir-PA_run-01_part-mag_dwi.nii.gz	0.221942	-0.744234	0.629966	3005.0	211.64182897721375	1437.8511003863562	1.0071710532189837	3.103324161013124	3.111138348010415	14.677608073613268	210.19995268505485	210.1349439693994	0.082294071966251
0.6322729084765001	0.0147901249	0.1906582088	-0.1090063621	-0.001090815524	-0.002214108594	7.119110523e-05	9.8586172	sub-60476_ses-01_acq-HBCD75_rec-norm_dir-PA_run-01_part-mag_dwi.nii.gz	0.716317	0.696858	-0.0357513	2000.0	325.68003259940554	1437.8511003863562	1.0071710532189837	9.051606646329343	9.018069114669933	4.982285911938579	323.6760865716694	323.36119819755925	0.0656825546120601
0.5694384360085001	0.004842169475	0.6659798601	-0.08190903727	-0.001283216872	-0.001549338573	0.0003554498253	40.7710747	sub-60476_ses-01_acq-HBCD75_rec-norm_dir-PA_run-01_part-mag_dwi.nii.gz	0.539065	-0.226681	0.811187	3010.0	220.29825537983697	1437.8511003863562	1.0071710532189837	9.801116079446878	9.878389328989243	4.637859924413016	218.7856996675817	218.72973682920843	0.0784009414617391
0.71138574997	-0.01743613153	0.1394836139	-0.1338663634	-0.00176161062	-0.002370134229	-0.0005584383034	7.869865000000001	sub-60476_ses-01_acq-HBCD75_rec-norm_dir-PA_run-01_part-mag_dwi.nii.gz	0.600165	0.0719677	0.796632	1005.0	564.9676945987026	1437.8511003863562	1.0071710532189837	-39.706938444772895	-39.7362556410703	-1.0649876061331325	561.7429620131267	560.9451374979433	0.0524235508884662
0.48757988861000007	-0.0168741246	0.554286395	-0.1334896009	-0.001611548942	-0.002232521772	-0.00170753093	-2.1941207	sub-60476_ses-01_acq-HBCD75_rec-norm_dir-PA_run-01_part-mag_dwi.nii.gz	0.988053	-0.153824	0.00942612	3000.0	226.4332159822792	1437.8511003863562	1.0071710532189837	15.793932782820534	15.754721370334218	2.8853785643443497	224.86656189324708	224.8210166384196	0.0776110991557632
0.5012294382813	-0.0009145363187	0.2069190699	-0.1800154783	-0.002008881187	-0.002749915468	-0.000794723921	23.845618200000004	sub-60476_ses-01_acq-HBCD75_rec-norm_dir-PA_run-01_part-mag_dwi.nii.gz	-0.668747	-0.571568	-0.475487	1995.0	332.57637270123143	1437.8511003863562	1.0071710532189837	-49.021450644541645	-49.20424252644271	-0.9137214488136006	330.5218501834593	330.2084364854021	0.0642946976523069
0.7547904945137	0.02748522726	0.7612739818	-0.1422752279	-0.0036545638	-0.002689749235	0.0001853386057	108.63247324	sub-60476_ses-01_acq-HBCD75_rec-norm_dir-PA_run-01_part-mag_dwi.nii.gz	0.222599	0.745956	-0.627693	2995.0	215.69909384871232	1437.8511003863562	1.0071710532189837	4.349581284743874	4.429658046217104	10.51266357920442	214.25155296220828	214.1633212136037	0.0811985427947768
1.103428368765	-0.02607080929	-0.08282636077999998	-0.1554914207	-0.001126665156	-0.002304137219	-0.000752266671	35.944605499999994	sub-60476_ses-01_acq-HBCD75_rec-norm_dir-PA_run-01_part-mag_dwi.nii.gz	0.287556	0.574826	0.766085	2005.0	329.60879730001	1437.8511003863562	1.0071710532189837	-20.443336376748256	-20.48165699674153	-2.1671599787831406	327.5651707102005	327.26199016257266	0.0653337992156104
0.42439799403	0.0391087717	0.1249294833	-0.08871161089	-0.001082477975	-0.002725715982	0.000475622568	-9.257905500000001	sub-60476_ses-01_acq-HBCD75_rec-norm_dir-PA_run-01_part-mag_dwi.nii.gz	-0.725751	0.660906	0.19102	3000.0	216.78308142624925	1437.8511003863562	1.0071710532189837	12.304679024687957	12.300147216432896	3.696178206322701	215.31715073951503	215.2395908339909	0.0814994871998542
0.40946332629	-0.04327207184	-0.06837767835	-0.1252616908	-0.001637015725	-0.003006439889	-0.0006336205988	32.9752302	sub-60476_ses-01_acq-HBCD75_rec-norm_dir-PA_run-01_part-mag_dwi.nii.gz	0.316372	0.061509	-0.946639	995.0	561.6566351813099	1437.8511003863562	1.0071710532189837	14.19407435076954	14.27249127112397	2.932666730943456	558.5066189741731	557.6576527098473	0.0533215223241474
0.4621793301	-0.0215501445	0.3084467836	-0.1367297146	-0.001303918427	-0.003047096776	-0.001303164754	10.9204635	sub-60476_ses-01_acq-HBCD75_rec-norm_dir-PA_run-01_part-mag_dwi.nii.gz	0.179992	-0.981175	0.0699824	3000.0	214.2735842786635	1437.8511003863562	1.0071710532189837	6.824738947732428	6.83227125623724	6.715314480996762	212.82569365100844	212.7479612469483	0.0809017712634274
0.615934926395	-0.0257092482	-0.2290804023	-0.1274756472	-0.0009520291351	-0.003582663834	-0.001715599792	0.0	sub-60476_ses-01_acq-HBCD75_rec-norm_dir-PA_run-01_part-mag_dwi.nii.gz	-0.5	-0.5	0.707107	5.0	1434.229430391924	1437.8511003863562	1.0071710532189837	-663.6197262110356	-663.6221259622018	-0.0618429551062726	1427.3942242843775	1424.0177495865555	0.0535780151984984
0.5825004991200001	-0.01735562008	0.23556586	-0.1447187359	-0.001446646638	-0.003583642887	-0.0003660459479	30.164676299999996	sub-60476_ses-01_acq-HBCD75_rec-norm_dir-PA_run-01_part-mag_dwi.nii.gz	-0.249921	-0.450936	0.856853	505.0	809.516865964744	1437.8511003863562	1.0071710532189837	-44.64559335145379	-44.72885155790652	-0.8571346001022186	805.0861525962666	803.7531243680402	0.0480362156390621
0.6532444717649999	0.04074352541	0.6331435602	-0.2225902017	-0.002642622916	-0.003657860216	0.0007576836505999999	88.61077	sub-60476_ses-01_acq-HBCD75_rec-norm_dir-PA_run-01_part-mag_dwi.nii.gz	0.54065	0.227489	-0.809905	2990.0	223.90633701213864	1437.8511003863562	1.0071710532189837	14.49744826399526	14.492760276410769	3.1251629049694074	222.395941850764	222.31212900069048	0.0783504289669244
0.5134840089049999	0.01207677101	0.317363715	-0.1799315945	-0.001678928267	-0.002679613419	0.0001720490545	106.19888040000001	sub-60476_ses-01_acq-HBCD75_rec-norm_dir-PA_run-01_part-mag_dwi.nii.gz	0.276133	-0.23659	-0.931545	2990.0	224.14824642403684	1437.8511003863562	1.0071710532189837	5.73518269702645	5.647814141439732	7.916454639291879	222.64656586152807	222.55231602184776	0.0772372848161443
0.48767309522	-0.03348465467	-0.06279992539	-0.1816207284	-0.001835035742	-0.003309481079	-0.0002471537155	5.617192299999999	sub-60476_ses-01_acq-HBCD75_rec-norm_dir-PA_run-01_part-mag_dwi.nii.gz	0.111479	0.964347	0.240013	500.0	815.0477089047625	1437.8511003863562	1.0071710532189837	-302.96715850915626	-302.942080841838	-0.1374906252906526	810.6964830040024	809.2445878184673	0.0474928189441927
0.232229123305	-0.02095240743	-0.1380134132	-0.2486309642	-0.002625130815	-0.003707484342	-0.0006085184286	6.691317199999997	sub-60476_ses-01_acq-HBCD75_rec-norm_dir-PA_run-01_part-mag_dwi.nii.gz	-0.695136	-0.150169	-0.703019	995.0	568.4197561139982	1437.8511003863562	1.0071710532189837	-8.914173571846705	-8.94898891362816	-4.763565407281357	565.2578031630252	564.3726204056611	0.0520326530434686
0.447362418859	-0.01811671347	0.207906961	-0.2289396243	-0.002898597624	-0.002972431947	-3.873741662e-05	8.586077699999999	sub-60476_ses-01_acq-HBCD75_rec-norm_dir-PA_run-01_part-mag_dwi.nii.gz	0.939559	-0.140383	0.312283	3005.0	225.03974182423232	1437.8511003863562	1.0071710532189837	7.497224151862946	7.491077569209372	6.074027714632359	223.49143556235467	223.4374639894343	0.0776002098007637
0.6409568167490001	-0.02936604235	-0.207619547	-0.2055631422	-0.001342641423	-0.003526153276	-0.001745149842	43.2636458	sub-60476_ses-01_acq-HBCD75_rec-norm_dir-PA_run-01_part-mag_dwi.nii.gz	-0.30719	-0.605844	-0.733885	1995.0	329.16205015327466	1437.8511003863562	1.0071710532189837	-6.503799840518471	-6.5834399828462224	-6.819807906860276	327.10959098200425	326.8184238610375	0.0652039289042093
0.7550563510769999	0.05128712506	0.3300367437	-0.1941733252	-0.001735699945	-0.003183662193	2.644207234e-05	19.4434794	sub-60476_ses-01_acq-HBCD75_rec-norm_dir-PA_run-01_part-mag_dwi.nii.gz	0.89453	0.44652	-0.0208772	3000.0	226.99803662041165	1437.8511003863562	1.0071710532189837	48.55718731805976	48.566212828706654	0.942539869891168	225.46302598163217	225.381815777371	0.0775047386731523
0.503637363959	-0.002311523397	-0.03974853979	-0.1729641069	-0.001838994096	-0.002700159093	-0.0005676449509	1.4648297000000003	sub-60476_ses-01_acq-HBCD75_rec-norm_dir-PA_run-01_part-mag_dwi.nii.gz	0.67287	-0.493972	-0.550671	995.0	561.8293303432561	1437.8511003863562	1.0071710532189837	-13.24204333904826	-13.269130918097416	-3.1863835788931647	558.6686859188454	557.8291183411382	0.0529304764428827
0.6425691518144	-1.64470076e-05	0.4945477476	-0.1425503459	-0.002193911932	-0.001980088651	-0.0001313526882	1.5757185999999996	sub-60476_ses-01_acq-HBCD75_rec-norm_dir-PA_run-01_part-mag_dwi.nii.gz	-0.442056	0.215043	-0.870829	2990.0	219.84787827113016	1437.8511003863562	1.0071710532189837	-8.520279300144004	-8.609488321531233	-5.371314131181284	218.3828616080457	218.2825663896421	0.0775515744085028
0.6520201320933999	-0.02765593295	0.009759314079	-0.1205715754	-0.001444876776	-0.003066305537	-0.0006483694888	16.5641778	sub-60476_ses-01_acq-HBCD75_rec-norm_dir-PA_run-01_part-mag_dwi.nii.gz	0.670604	0.491938	0.555237	1005.0	564.092770408596	1437.8511003863562	1.0071710532189837	-33.05126067408077	-33.140559812869895	-1.2783957369613934	560.8897165033962	560.0764427468292	0.0527812496498107
0.321340044204	0.03593662611	-0.06864685714	-0.1871438147	-0.000992910238	-0.002715862589	0.0008046025177	40.8345403	sub-60476_ses-01_acq-HBCD75_rec-norm_dir-PA_run-01_part-mag_dwi.nii.gz	-0.00587899	0.660431	0.750864	3010.0	227.26068949690307	1437.8511003863562	1.0071710532189837	-12.712315663437424	-12.694185905449974	-3.573847584253472	225.71697807700448	225.64259854475029	0.0780939666881993
0.927004131375	-0.03506371869	0.4034077069	-0.3098645464	-0.003026891965	-0.00330448593	-0.001797362231	80.282017	sub-60476_ses-01_acq-HBCD75_rec-norm_dir-PA_run-01_part-mag_dwi.nii.gz	-0.250912	0.452954	-0.855498	1990.0	318.27061638292093	1437.8511003863562	1.0071710532189837	-7.197218604773142	-7.195809009093954	-6.143969563960537	316.3636653890758	316.00453682803817	0.0674553365488332
0.5318681322500001	-0.01710301785	-0.04424049926	-0.2981519996	-0.003015691647	-0.003686798038	-0.001099941088	0.0	sub-60476_ses-01_acq-HBCD75_rec-norm_dir-PA_run-01_part-mag_dwi.nii.gz	-0.5	-0.5	0.707107	5.0	1445.6511590215337	1437.8511003863562	1.0071710532189837	-621.8450318739698	-621.8532230261204	-0.0653020631389768	1438.689164141941	1435.3581556479278	0.0537296826909706
0.46495816175	-0.02348279009	0.3402376507	-0.2772854017	-0.002534163184	-0.003572327318	-0.001568614738	12.030958199999997	sub-60476_ses-01_acq-HBCD75_rec-norm_dir-PA_run-01_part-mag_dwi.nii.gz	-0.864942	0.48556	-0.126911	3000.0	217.3681275627918	1437.8511003863562	1.0071710532189837	16.856999227408423	16.839615270005993	2.7051772828620644	215.88618642749955	215.82047145462272	0.0804685506814732
0.9406057295900001	-0.002735295542	0.002602031978	-0.07145893139	-0.0005880543613	0.0006185801467	-0.0001777081052	0.0	sub-60476_ses-01_acq-HBCD75_rec-norm_dir-AP_run-01_part-mag_dwi.nii.gz	-0.5	-0.5	0.707107	5.0	1449.5701563154166	1458.4729139100457	0.9929303405887724	-727.1090507894996	-727.194283570016	-0.060753065061283	1462.967341390008	1459.8910712715474	0.0528335217810474
0.053235229564000015	0.007610070376	-0.004284802583	-0.08339189725	-0.0009355737711	0.0005233373959	-0.0001390690013	0.0	sub-60476_ses-01_acq-HBCD75_rec-norm_dir-AP_run-01_part-mag_dwi.nii.gz	-0.5	-0.5	0.707107	5.0	1452.3104950036652	1458.4729139100457	0.9929303405887724	-723.5295027944757	-723.6553602462976	-0.0612531634437834	1465.7854325863625	1462.6509212179076	0.0529830387833773
0.0672790734635	0.008058783461	-0.005333834929	-0.08067010242	-0.0003503634653	-1.150889875e-05	-0.0002802030649	0.0	sub-60476_ses-01_acq-HBCD75_rec-norm_dir-AP_run-01_part-mag_dwi.nii.gz	-0.5	-0.5	0.707107	5.0	1448.3744464526092	1458.4729139100457	0.9929303405887724	-715.4449368769526	-715.4015542900914	-0.061224338183723	1461.672297700418	1458.686847954791	0.0530326857349773
0.1171634266475	0.02614643755	-0.01067076411	-0.1015731602	-0.001124084694	0.0006675334298	-0.0002762509102	0.0	sub-60476_ses-01_acq-HBCD75_rec-norm_dir-AP_run-01_part-mag_dwi.nii.gz	-0.5	-0.5	0.707107	5.0	1453.048404016948	1458.4729139100457	0.9929303405887724	-723.083956186332	-723.0527201589674	-0.0615378755081387	1466.5827034896704	1463.394084097431	0.0530388319823308
0.07420716477200001	0.008028344293999998	-0.005145647212	-0.08079358837	-0.001030583982	0.0003420647699	-9.953262634e-05	0.0	sub-60476_ses-01_acq-HBCD75_rec-norm_dir-AP_run-01_part-mag_dwi.nii.gz	-0.5	-0.5	0.707107	5.0	1451.1431768077932	1458.4729139100457	0.9929303405887724	-723.2948740102806	-723.4434806540313	-0.0610209818465618	1464.6059841990832	1461.475291664988	0.0529205565887771
0.09418215180099998	0.03868514965	-0.007512122413999999	-0.1136820304	-0.001220438979	0.0006011515507	-0.0002159994328	0.0	sub-60476_ses-01_acq-HBCD75_rec-norm_dir-AP_run-01_part-mag_dwi.nii.gz	-0.5	-0.5	0.707107	5.0	1450.1825046148433	1458.4729139100457	0.9929303405887724	-719.9895328834832	-720.1439155957632	-0.0613895078554818	1463.6644687307871	1460.5077795242928	0.0529588921939902
0.525400448171	0.07244994254999998	-0.3983465292	-0.1219018376	-0.001689240104	0.001799969352	-0.0004000093322	-20.83689149	sub-60476_ses-01_acq-HBCD75_rec-norm_dir-AP_run-01_part-mag_dwi.nii.gz	-0.485823	-0.775603	0.403007	3005.0	216.274629629175	1458.4729139100457	0.9929303405887724	22.90988949049508	22.917992128089903	2.0064912434449105	217.87079324012413	217.8145013430704	0.0796385637145051
0.21497310480750004	0.03912343948	-0.4477123572	-0.1414652862	2.065405715e-05	0.001268435153	-0.0003870911896	20.6072409	sub-60476_ses-01_acq-HBCD75_rec-norm_dir-AP_run-01_part-mag_dwi.nii.gz	-0.981345	-0.110446	-0.157365	3000.0	232.60508790977232	1458.4729139100457	0.9929303405887724	-6.877763997615834	-6.965978288949981	-6.656975580816149	234.3038796482836	234.2612321952792	0.0750157109753598
0.2220700231475	0.06640727174	-0.3939954848	-0.1607351048	0.0004465488892	0.00231544394	0.0005759951891	3.5825902999999992	sub-60476_ses-01_acq-HBCD75_rec-norm_dir-AP_run-01_part-mag_dwi.nii.gz	0.507956	0.363312	0.781016	3010.0	227.86665218949813	1458.4729139100457	0.9929303405887724	-6.554163547739946	-6.544571114581373	-6.949642036526769	229.541024535278	229.4890588910904	0.0766899438425371
0.484856620247	0.04798572165	-0.03075868974	-0.1431758767	-0.000251552352	0.001945156255	-6.839682464e-05	-14.395102910000002	sub-60476_ses-01_acq-HBCD75_rec-norm_dir-AP_run-01_part-mag_dwi.nii.gz	0.499331	0.613231	-0.612059	1995.0	321.799881903818	1458.4729139100457	0.9929303405887724	2.393810445625603	2.3572315940083097	18.809450039850542	324.3737354999337	324.091091596449	0.0652164553000189
0.493843004997	0.06512948585	-0.4274896231	-0.1530307181	-0.0003946132201	0.002506403485	0.000629564398	3.133808799999999	sub-60476_ses-01_acq-HBCD75_rec-norm_dir-AP_run-01_part-mag_dwi.nii.gz	0.275167	0.235586	0.932085	3010.0	227.11982822617105	1458.4729139100457	0.9929303405887724	-23.851636718193834	-23.93480384929747	-1.911400196220874	228.81723578342343	228.73691757104217	0.0753831186425115
0.29424280727	0.05409284535	-0.246298438	-0.137722838	-0.000566237024	0.001534668263	3.87813925e-05	8.011649999999996	sub-60476_ses-01_acq-HBCD75_rec-norm_dir-AP_run-01_part-mag_dwi.nii.gz	0.0218013	0.397815	0.917207	1005.0	571.0360945114063	1458.4729139100457	0.9929303405887724	-123.61033738934752	-123.4744508757424	-0.3370170024737074	575.8814331866596	575.1018618591098	0.0518638806024773
0.46946065511	0.05257525848	-0.6267024742	-0.1715994358	-0.0001908848353	0.002027556999	-0.0001662263676	0.03536210000000062	sub-60476_ses-01_acq-HBCD75_rec-norm_dir-AP_run-01_part-mag_dwi.nii.gz	0.716272	-0.696694	0.0396385	3000.0	216.7598404158016	1458.4729139100457	0.9929303405887724	33.065054048582915	33.03071137380881	1.3889289147201087	218.3668923769617	218.3031668125384	0.0792980185475847
0.560314807935	0.04487201574	-0.2898274283	-0.09568842457000001	-0.001651051687	0.002352935262	0.000844738679	41.3640537	sub-60476_ses-01_acq-HBCD75_rec-norm_dir-AP_run-01_part-mag_dwi.nii.gz	0.805652	-0.0946603	0.584778	2005.0	329.9363487353036	1458.4729139100457	0.9929303405887724	-36.262531540753365	-36.31883008099389	-1.2340658586578797	332.5472998036382	332.28548997735413	0.0633733987777141
0.307794159855	0.04238369768	-0.3780084929	-0.1470995389	-0.0005254335119	0.00157787255	-0.0005688536912	-0.011924199999998608	sub-60476_ses-01_acq-HBCD75_rec-norm_dir-AP_run-01_part-mag_dwi.nii.gz	-0.204909	-0.898461	0.388304	2005.0	315.44010213917755	1458.4729139100457	0.9929303405887724	3.494404157030312	3.487873583746255	12.908560346794646	317.9540664779194	317.68603036969233	0.0669444424070052
0.31239870951435	0.05534773206	-0.6071785968	-0.1651031221	6.332804787e-06	0.001716013532	-0.0009441661532	-4.757907840000001	sub-60476_ses-01_acq-HBCD75_rec-norm_dir-AP_run-01_part-mag_dwi.nii.gz	0.180038	0.981426	-0.0662537	3000.0	216.6052736489531	1458.4729139100457	0.9929303405887724	-29.869966798636817	-30.03432379903013	-1.5421489409143223	218.19173013826432	218.1474995473561	0.0791892406589365
0.3949424455436501	0.04392932308	-0.3414323629	-0.1754040163	0.0008473758353	0.00140995346	5.826891356e-05	-1.393073499999999	sub-60476_ses-01_acq-HBCD75_rec-norm_dir-AP_run-01_part-mag_dwi.nii.gz	0.602754	-0.072558	-0.794622	1995.0	331.0359732536422	1458.4729139100457	0.9929303405887724	6.551171670477996	6.506652136870028	6.763115055413226	333.6842212098545	333.392943789764	0.063751489548169
0.2495199798805	0.1046330655	-0.2987603615	-0.1327469224	-2.319526357e-05	0.001687077573	0.0009803165449	-11.29685805	sub-60476_ses-01_acq-HBCD75_rec-norm_dir-AP_run-01_part-mag_dwi.nii.gz	-0.422129	0.90138	-0.0965424	3000.0	214.42337350189496	1458.4729139100457	0.9929303405887724	0.953834277941784	0.9825105242619452	48.25330416351127	215.9894484579096	215.9500642791427	0.0798751422088221
1.1379125026485	-0.02201535815	0.4321025891	-0.08481251779	0.0001701652363	0.001953439089	-0.003209295915	0.0	sub-60476_ses-01_acq-HBCD75_rec-norm_dir-AP_run-01_part-mag_dwi.nii.gz	-0.5	-0.5	0.707107	5.0	1455.4420736203865	1458.4729139100457	0.9929303405887724	-588.9206383612371	-588.9833931510633	-0.0692673871814402	1468.913264407886	1465.8047964759724	0.0531147147731361
0.76093982665	0.03854935102	-0.07717754281	-0.05183987858	-0.0006034172839	0.001155335805	-0.001618534792	-23.611172619999998	sub-60476_ses-01_acq-HBCD75_rec-norm_dir-AP_run-01_part-mag_dwi.nii.gz	-0.590992	-0.439975	0.676129	1005.0	562.037304901679	1458.4729139100457	0.9929303405887724	20.493226839623603	20.450297659725003	2.07212289773542	566.8711226673599	566.0390010177193	0.0526429303018314
0.18071299016	0.08683515792	-0.08911831668	-0.07035322395	-0.001539710327	0.001481591724	-0.0008416224737	-19.55575916	sub-60476_ses-01_acq-HBCD75_rec-norm_dir-AP_run-01_part-mag_dwi.nii.gz	-0.371269	-0.653006	0.660108	3005.0	215.75847185547647	1458.4729139100457	0.9929303405887724	8.631571072613268	8.518750012430674	5.326156763412298	217.35605587842943	217.29466853083863	0.0791596695400254
0.36085292598	0.01136799657	-0.2425180794	-0.07898645596999998	-0.0001504471875	0.001275550923	-0.001713373931	-3.5525198999999974	sub-60476_ses-01_acq-HBCD75_rec-norm_dir-AP_run-01_part-mag_dwi.nii.gz	0.659372	-0.704928	-0.261353	500.0	821.0095949230164	1458.4729139100457	0.9929303405887724	-244.07281379697025	-244.0581634927668	-0.1684406486551495	828.1199254315876	826.8551693621182	0.0460382708595089
0.6734029250649999	0.03057771518	-0.6786946974	-0.1367981706	0.0009808214381	0.00129830942	0.0003366964229	-1.3987454000000001	sub-60476_ses-01_acq-HBCD75_rec-norm_dir-AP_run-01_part-mag_dwi.nii.gz	0.795913	-0.212304	-0.566966	2995.0	226.87600900206928	1458.4729139100457	0.9929303405887724	11.156607209188069	11.206615673797325	4.092208096487874	228.55972060157688	228.491362349982	0.0762273800667783
0.27184038414999995	0.04447232473	-0.6308790825	-0.08156546221999998	-0.0003543359635	0.001963465475	-0.0007609391468999998	14.9385577	sub-60476_ses-01_acq-HBCD75_rec-norm_dir-AP_run-01_part-mag_dwi.nii.gz	-0.831394	-0.310845	-0.460607	2995.0	231.12426972154464	1458.4729139100457	0.9929303405887724	-19.875831161487927	-19.88080334038998	-2.2939778859434536	232.807124198461	232.76987062128043	0.0758837112229873
0.5752702387820001	0.05403230606	-0.1441668573	-0.1050669496	-0.0003771497286	0.002194772009	9.487145144000001e-05	-8.66488059	sub-60476_ses-01_acq-HBCD75_rec-norm_dir-AP_run-01_part-mag_dwi.nii.gz	0.702565	-0.383058	0.599724	3005.0	219.1544690544908	1458.4729139100457	0.9929303405887724	4.641807107674441	4.674747849763212	9.851642241603995	220.76297214550183	220.71484517229973	0.0780776260710456
0.244150427257	0.04236128756	-0.0776237872	-0.04927360222	0.0001645871962	0.001495356322	-0.0008668357622999999	-4.1144884	sub-60476_ses-01_acq-HBCD75_rec-norm_dir-AP_run-01_part-mag_dwi.nii.gz	0.988074	0.153928	-0.0039535	500.0	832.3873331746396	1458.4729139100457	0.9929303405887724	-147.25199830388704	-147.19696615591934	-0.2827790746150919	839.5395020965196	838.3139168877942	0.044823158922508
0.245730944825	0.05576342783	-0.1929795098	-0.09702633463	0.0008335225284	0.001600608113	-0.0002566158946	-15.8750265	sub-60476_ses-01_acq-HBCD75_rec-norm_dir-AP_run-01_part-mag_dwi.nii.gz	-0.593231	0.44168	-0.67305	1995.0	321.4910882782711	1458.4729139100457	0.9929303405887724	-12.841520591051236	-12.861403889858453	-3.4824550564256	324.0695897969412	323.7800993817211	0.0648234437212532
0.48838885469999993	0.03278509715	-0.3714504125	0.00139339225	-0.001284142258	0.00120241195	-0.001511152834	1.1372223999999993	sub-60476_ses-01_acq-HBCD75_rec-norm_dir-AP_run-01_part-mag_dwi.nii.gz	-0.127478	-0.988146	0.0855362	2000.0	318.1889662732684	1458.4729139100457	0.9929303405887724	-36.55216714970721	-36.56447372164338	-1.2402669587094926	320.71497642730475	320.45446633517884	0.0665502724270692
0.7709648754049998	0.06134882857	0.07385681862	-0.1140882828	0.0004722563317	0.001762068947	-0.0001949636644	-13.583514	sub-60476_ses-01_acq-HBCD75_rec-norm_dir-AP_run-01_part-mag_dwi.nii.gz	-0.372134	0.654535	-0.658103	2995.0	214.10095823220945	1458.4729139100457	0.9929303405887724	1.6498246302908752	1.5856143886024388	27.824820768746218	215.65774420886308	215.6253534337403	0.0793692083057002
0.3669352916	0.05159179582	-0.1022448094	-0.01210820958	-0.001010760898	0.001666944707	-0.0001911739819	7.837354330000001	sub-60476_ses-01_acq-HBCD75_rec-norm_dir-AP_run-01_part-mag_dwi.nii.gz	-0.305343	0.603556	0.736537	505.0	823.210780420113	1458.4729139100457	0.9929303405887724	-192.2180551406577	-192.2189521956265	-0.2053629450153779	830.3478949085295	829.072027253519	0.0458128266463328
0.124224839028	0.08192273182999998	-0.1363943266	-0.009592778162000002	-0.0006285193958	0.001432212652	0.0003364315489	-20.94280885	sub-60476_ses-01_acq-HBCD75_rec-norm_dir-AP_run-01_part-mag_dwi.nii.gz	0.497573	-0.61078	0.615929	1005.0	555.0687134201536	1458.4729139100457	0.9929303405887724	-5.069842299017142	-5.089820627112938	-8.36915615182557	559.802955884507	559.0207932381861	0.0535011394209288
0.198304819678	0.07014710622	-0.2117645572	-0.03013665265	-0.001361375558	0.001918959548	-0.0002562671725	10.7543319	sub-60476_ses-01_acq-HBCD75_rec-norm_dir-AP_run-01_part-mag_dwi.nii.gz	-0.0841118	-0.759248	0.645343	2005.0	313.2438656249048	1458.4729139100457	0.9929303405887724	-12.207881862424474	-12.26631011116675	-3.673467415714016	315.7560501759499	315.4741566253461	0.0676685057342444
0.25296431815	0.07114161299	-0.04561225505	-0.0392485316	-0.001008062274	0.001062028925	6.76015261e-05	0.0	sub-60476_ses-01_acq-HBCD75_rec-norm_dir-AP_run-01_part-mag_dwi.nii.gz	-0.5	-0.5	0.707107	5.0	1443.5662976170108	1458.4729139100457	0.9929303405887724	-824.8782514589993	-824.9344867762019	-0.0526062698038172	1456.9369606218463	1453.8444651594334	0.0528006047494157
0.55913964395	0.07673200226	-0.4791503925	-0.01583347983	-0.0003137394669	0.001727372524	-0.000504653377	-0.8079667000000015	sub-60476_ses-01_acq-HBCD75_rec-norm_dir-AP_run-01_part-mag_dwi.nii.gz	-0.204999	0.900292	-0.383993	1000.0	548.469239970253	1458.4729139100457	0.9929303405887724	-131.38799303387677	-131.37031406247368	-0.3266723119069855	553.156857329964	552.3743317045302	0.0535439735578919
0.15830549881000003	0.05533160139	-0.4063294499	-0.03445844153	0.0001980154775	0.001866627135	-0.0007628276943999998	-26.39202356	sub-60476_ses-01_acq-HBCD75_rec-norm_dir-AP_run-01_part-mag_dwi.nii.gz	0.80815	0.0945707	-0.581334	995.0	570.9108556164346	1458.4729139100457	0.9929303405887724	17.719289126783597	17.724689892570225	2.3970429293837525	575.8057715138838	574.975731258753	0.0511758734382374
0.2814776938560001	0.05960183127	-0.6269462528	-0.02880774327	-5.927856182e-05	0.002280785004	-0.0004154803464	22.5986269	sub-60476_ses-01_acq-HBCD75_rec-norm_dir-AP_run-01_part-mag_dwi.nii.gz	-0.195473	-0.956155	-0.218077	2995.0	223.59945457099235	1458.4729139100457	0.9929303405887724	-36.588423235544575	-36.63076087025508	-1.254467513295089	225.2567513246908	225.19147890859463	0.0787572796287855
0.7457353618894998	0.118453839	-0.06864609014	-0.07166681815	8.899708337e-05	0.001731065335	0.0006010066718	-28.332917000000002	sub-60476_ses-01_acq-HBCD75_rec-norm_dir-AP_run-01_part-mag_dwi.nii.gz	0.704071	0.383951	-0.597383	2995.0	222.68088892379612	1458.4729139100457	0.9929303405887724	16.58073086536192	16.587783712904518	2.761495826903228	224.3034886876356	224.2663730849415	0.0766011103792533
0.3591762307785	0.1090573682	-0.3043816858	-0.02448319134	-0.0001346808422	0.001346021774	-0.0001274825918	48.9966132	sub-60476_ses-01_acq-HBCD75_rec-norm_dir-AP_run-01_part-mag_dwi.nii.gz	-0.484075	0.850247	0.206763	2000.0	320.4542715688609	1458.4729139100457	0.9929303405887724	-20.65904209268693	-20.671319605492894	-2.175038386947003	323.01228909743594	322.7359005748796	0.065967394898658
0.292504161684	0.1103758485	-0.08510059608999998	-0.02457581045	-0.001046541613	0.001679350273	6.356758968e-05	-17.62465925	sub-60476_ses-01_acq-HBCD75_rec-norm_dir-AP_run-01_part-mag_dwi.nii.gz	-0.852005	-0.293829	0.433304	3005.0	225.34339307927277	1458.4729139100457	0.9929303405887724	18.98504200234304	19.002254518852403	2.404890862191162	227.007782104288	226.94783422612247	0.0766955934846426
0.345106319304	0.05489355199	0.09509594865	-0.01825311449	-0.000462836324	0.002104251878	-0.0009899211582	11.14886325	sub-60476_ses-01_acq-HBCD75_rec-norm_dir-AP_run-01_part-mag_dwi.nii.gz	-0.131954	-0.853098	-0.504789	500.0	827.3065900790896	1458.4729139100457	0.9929303405887724	-303.21096491028754	-303.12376987033736	-0.1347882109142199	834.4579858934868	833.1969990613696	0.0460680394927758
0.48433800146500006	0.08139337939999998	-0.2177405285	-0.07194177619	0.0002113998926	0.001564467908	-0.0003776806407	-30.028028810000002	sub-60476_ses-01_acq-HBCD75_rec-norm_dir-AP_run-01_part-mag_dwi.nii.gz	-0.711567	0.567158	-0.414734	1995.0	318.55926222012863	1458.4729139100457	0.9929303405887724	-29.46513839631892	-29.549405952945943	-1.5338106139518433	321.10197285119915	320.82739877862105	0.0646818199038928
0.33052004504499993	0.07726708009999998	-0.4908252381	-0.05984303128	0.0005739999469	0.001253030263	-0.0002275125153	38.32272296	sub-60476_ses-01_acq-HBCD75_rec-norm_dir-AP_run-01_part-mag_dwi.nii.gz	-0.274503	0.333749	0.901809	3010.0	225.01235053709587	1458.4729139100457	0.9929303405887724	-3.45695891240835	-3.432274978892695	-13.166690401456416	226.68693889742428	226.6144346700924	0.0765893254258103
0.4250443124850001	0.09461750455	-0.2485495746	-0.06691328279	-0.0005321935168	0.002219961723	0.0008663220215	-10.1156789	sub-60476_ses-01_acq-HBCD75_rec-norm_dir-AP_run-01_part-mag_dwi.nii.gz	0.940621	0.140489	-0.309023	2995.0	229.41726301979577	1458.4729139100457	0.9929303405887724	28.75911268384065	28.69459484608064	1.5943666232365072	231.08115202810032	231.0507100638048	0.0749343269159002
0.24201543967	0.1221008354	-0.3081821489	-0.1327997312	0.0005623563775	0.002420430537	0.0003810790076	-2.1204668000000004	sub-60476_ses-01_acq-HBCD75_rec-norm_dir-AP_run-01_part-mag_dwi.nii.gz	0.041866	0.540345	-0.840401	2990.0	216.78850207699543	1458.4729139100457	0.9929303405887724	-0.5413226453524408	-0.5813262928375357	-84.59062845872285	218.37060490955668	218.3320325402493	0.0791535915137862
0.36301307974	0.06803204939	-0.3338328261	-0.0522577036	-0.0009201359353	0.0009539232124	-0.0007249531335999998	14.743174799999998	sub-60476_ses-01_acq-HBCD75_rec-norm_dir-AP_run-01_part-mag_dwi.nii.gz	-0.453401	0.0888079	0.886871	2010.0	329.0526048378505	1458.4729139100457	0.9929303405887724	-2.131240057285084	-2.1448326441179515	-20.795536456317723	331.7051797474642	331.3954538200563	0.0637756185258841
0.539450799137	0.08701718767999998	-0.004646630173	-0.1194948503	0.0003332554188	0.001591475448	-0.0001350503589	11.9565098	sub-60476_ses-01_acq-HBCD75_rec-norm_dir-AP_run-01_part-mag_dwi.nii.gz	-0.425498	0.757177	0.495616	500.0	821.1754031835854	1458.4729139100457	0.9929303405887724	-170.1508381012353	-170.2613329024266	-0.2364303371740228	828.3185069840108	827.0221581066648	0.0457856443678544
0.249345818874	0.05490509857	-0.004015393054	-0.02447166818	-0.001313632238	0.001182574197	-0.0005108476616	0.0	sub-60476_ses-01_acq-HBCD75_rec-norm_dir-AP_run-01_part-mag_dwi.nii.gz	-0.5	-0.5	0.707107	5.0	1445.8537643623836	1458.4729139100457	0.9929303405887724	-732.1093385687426	-732.1269492798019	-0.0595414332994814	1459.2827937926008	1456.1482187026124	0.0526147235743868
0.461022198166	0.06454893388	-0.3260336244	-0.07071064437	0.0001721450535	0.001326094032	-0.0005439736415	2.0309017	sub-60476_ses-01_acq-HBCD75_rec-norm_dir-AP_run-01_part-mag_dwi.nii.gz	-0.675792	-0.727775	0.116825	1000.0	564.072458266365	1458.4729139100457	0.9929303405887724	-91.39951507946628	-91.32970660923245	-0.4740277655843215	568.8744018648862	568.0886446217821	0.0519314227547209
0.26493606665	0.1222058049	-0.3025288534	-0.08740536621	-0.0001616891968	0.002111831447	0.001678048749	39.86635052	sub-60476_ses-01_acq-HBCD75_rec-norm_dir-AP_run-01_part-mag_dwi.nii.gz	0.0907887	0.257663	-0.96196	2990.0	222.81878721654488	1458.4729139100457	0.9929303405887724	-1.8852340192465515	-1.9182276689625104	-24.215763300849304	224.44090047389471	224.40525321981164	0.0765587051814997
0.429952802105	0.06729753225	-0.1592653408	-0.05866978581	-0.0006077773869	0.001266872627	-0.00109181297	-11.4714219	sub-60476_ses-01_acq-HBCD75_rec-norm_dir-AP_run-01_part-mag_dwi.nii.gz	0.336064	0.454654	-0.824834	995.0	559.8124803770266	1458.4729139100457	0.9929303405887724	-66.95534435467302	-66.93151014756504	-0.6266233337941122	564.6403896616508	563.798335768201	0.0531734947055072
0.235510832715	0.1093443538	-0.04792440855	-0.05834421492	-0.0004581506073	0.00182656094	-0.0001651779021	-27.9194206	sub-60476_ses-01_acq-HBCD75_rec-norm_dir-AP_run-01_part-mag_dwi.nii.gz	0.654624	0.675543	-0.339277	2995.0	219.3919992468997	1458.4729139100457	0.9929303405887724	32.68037162682279	32.77656354671585	1.4104052565816123	221.02598752936643	220.95406658020485	0.0774618273146236
0.12546643356499995	0.1099040347	-0.02389791727	-0.05156246473	-0.001403028495	0.00185546733	0.0007430080441	-25.0492664	sub-60476_ses-01_acq-HBCD75_rec-norm_dir-AP_run-01_part-mag_dwi.nii.gz	0.653874	-0.674628	0.342528	3005.0	213.8454182112661	1458.4729139100457	0.9929303405887724	19.8357036263024	19.82437503739756	2.318557372440616	215.3952369179876	215.36799397662725	0.0800418677442895
0.30219739241	0.1126430641	0.1469741177	-0.04905274573	0.0005350011052	0.001393266488	0.0006217063055	18.24927311	sub-60476_ses-01_acq-HBCD75_rec-norm_dir-AP_run-01_part-mag_dwi.nii.gz	-0.127452	0.988622	-0.0798848	1000.0	551.6625253038214	1458.4729139100457	0.9929303405887724	-190.8333457289247	-190.84054453642463	-0.2277422115342719	556.3431942685936	555.5903531510293	0.0531683623555659
0.620140555935	0.09292706567	-0.2654334257	-0.09468235363	-0.0009617868927	0.001973555423	-0.0001489648857	-32.793142700000004	sub-60476_ses-01_acq-HBCD75_rec-norm_dir-AP_run-01_part-mag_dwi.nii.gz	-0.486615	0.776731	-0.399869	2995.0	211.37270666576563	1458.4729139100457	0.9929303405887724	-4.029673477476811	-4.043948237024407	-11.403871822281369	212.9256269432906	212.87767676069336	0.0804955470876017
0.200910711675	0.0595381223	-0.1919110916	-0.08524556856	-0.0002078651451	0.001066360273	-0.0001188288006	-29.11695307	sub-60476_ses-01_acq-HBCD75_rec-norm_dir-AP_run-01_part-mag_dwi.nii.gz	-0.709818	-0.566188	0.419033	1005.0	560.7249184650407	1458.4729139100457	0.9929303405887724	14.324389457708657	14.144293103414206	3.00715642346486	565.4859325048184	564.7172704311841	0.052193050833748
0.07664798068500003	0.05814057895	-0.2307606084	-0.08331448053	-0.0004471317516	0.001202183194	-0.0004331359232	-13.154277366	sub-60476_ses-01_acq-HBCD75_rec-norm_dir-AP_run-01_part-mag_dwi.nii.gz	0.842317	0.431834	-0.322523	1000.0	566.9383714720841	1458.4729139100457	0.9929303405887724	-26.44184719319677	-26.45220768110399	-1.6116823261664912	571.7829543654999	570.9749631060835	0.0514839912595092
0.6053284362	0.08505425183999998	-0.463718786	-0.1748040757	0.001721854671	0.002397962613	0.001281438046	0.6260737000000005	sub-60476_ses-01_acq-HBCD75_rec-norm_dir-AP_run-01_part-mag_dwi.nii.gz	-0.275449	-0.334792	-0.901134	2990.0	228.7688502588157	1458.4729139100457	0.9929303405887724	-3.545199175644094	-3.5288965509702845	-12.841058404968974	230.4698632705644	230.39768061421643	0.0756116558053851
0.5044439421449999	0.09137862564	-0.2612648677	-0.1243860876	-0.0003873321984	0.0005655389396	0.0003180953499	38.70632484000001	sub-60476_ses-01_acq-HBCD75_rec-norm_dir-AP_run-01_part-mag_dwi.nii.gz	-0.896681	0.40564	0.177256	1000.0	564.1477915127082	1458.4729139100457	0.9929303405887724	3.021636835653159	3.068413459764714	14.258970857026704	568.8877027036991	568.1645142649254	0.0511965773768239
0.251303018532	0.08430300133	-0.1228122265	-0.09653479406	-0.0002109479392	0.00168117939	5.165086986e-05	11.617835999999999	sub-60476_ses-01_acq-HBCD75_rec-norm_dir-AP_run-01_part-mag_dwi.nii.gz	-0.45534	-0.0898891	-0.885768	995.0	571.4420680334376	1458.4729139100457	0.9929303405887724	-111.20321125559228	-111.10235952500038	-0.3768531806541365	576.3496220447747	575.510725908977	0.0514942810140915
0.243144490477	0.1196306814	-0.2310951877	-0.07044136525	-0.0003278866352	0.001232901239	0.0009552424308	-15.540631799999998	sub-60476_ses-01_acq-HBCD75_rec-norm_dir-AP_run-01_part-mag_dwi.nii.gz	-0.67622	0.728211	-0.111514	2000.0	316.31229747540465	1458.4729139100457	0.9929303405887724	21.26947903302221	21.31489890296881	2.11249406615205	318.8578230724181	318.564435688385	0.0658180631571711
0.7345533351899999	0.03671536335	0.2561305564	-0.05223446482	-0.001240054495	0.0009887560736	-0.0008125519962	0.0	sub-60476_ses-01_acq-HBCD75_rec-norm_dir-AP_run-01_part-mag_dwi.nii.gz	-0.5	-0.5	0.707107	5.0	1442.6534248765934	1458.4729139100457	0.9929303405887724	-628.5108449756519	-628.4922276672971	-0.0688238578799639	1456.0289216370802	1452.9250928960532	0.052772597181043
0.6871627405374999	0.06387596157	-0.1817021364	-0.1346150404	2.269553625e-05	0.001075365348	0.0006338661769	15.234632999999999	sub-60476_ses-01_acq-HBCD75_rec-norm_dir-AP_run-01_part-mag_dwi.nii.gz	0.941248	-0.167014	-0.293526	1995.0	331.93620317714414	1458.4729139100457	0.9929303405887724	62.71474696288367	62.73813822159357	0.7159454986026763	334.5503515092595	334.2995833263897	0.0627886965629952
0.44068848125249993	0.06181353923	-0.0697322868	0.01795820382	-0.003153595375	0.0009650575812	0.0004388055531	33.460058000000004	sub-60476_ses-01_acq-HBCD75_rec-norm_dir-AP_run-01_part-mag_dwi.nii.gz	0.334453	-0.45286	0.826474	2010.0	317.7164361377984	1458.4729139100457	0.9929303405887724	11.048456624788328	11.077605261127465	4.042831625115078	320.27635969779067	319.9785718008458	0.0659196574123343
0.96480732573	0.04041158413	-0.6208335422	-0.1181974796	0.0005797620979	0.001338199014	-0.0005776641774	42.94770604	sub-60476_ses-01_acq-HBCD75_rec-norm_dir-AP_run-01_part-mag_dwi.nii.gz	0.454058	0.709235	0.539274	3005.0	227.07941747698607	1458.4729139100457	0.9929303405887724	-27.254428770537032	-27.284359448388063	-1.6723761804515267	228.76159251254643	228.6962190834348	0.0778703468050786
0.3029973603654999	0.05931381506	-0.5174638325	-0.03232464448	0.0008857782231999999	-2.375035001e-05	-0.0008067503803999999	-17.591012319999997	sub-60476_ses-01_acq-HBCD75_rec-norm_dir-AP_run-01_part-mag_dwi.nii.gz	-0.421982	-0.901045	0.100244	3000.0	217.65142019333285	1458.4729139100457	0.9929303405887724	-3.0271381809009275	-3.045484810471072	-15.233616255084778	219.2266659302812	219.20109463830664	0.0792427547070274
0.286031396401	0.02203231748	-0.3701503236	-0.06187049709	8.788509149e-05	0.0001296501723	-0.0003202332882	-8.245738900000001	sub-60476_ses-01_acq-HBCD75_rec-norm_dir-AP_run-01_part-mag_dwi.nii.gz	-0.692571	0.149104	0.705772	2005.0	328.504872172005	1458.4729139100457	0.9929303405887724	37.29600107338607	37.27433163484749	1.1986343030017084	331.134724324582	330.8438213231126	0.0636136554794864
0.20153384963900003	0.06255897499	-0.3123768044	-0.07130001289	0.0007557629724	0.0009966344805	2.098766527e-05	-17.1529039	sub-60476_ses-01_acq-HBCD75_rec-norm_dir-AP_run-01_part-mag_dwi.nii.gz	0.398961	0.845844	-0.354087	1995.0	315.63082149928243	1458.4729139100457	0.9929303405887724	-23.887072995293146	-23.936569660795417	-1.8931647388385624	318.1657844291776	317.87810757929026	0.0658602200419677
0.157051734066	0.02704467025	-0.3010789697	-0.05295552946	-0.0007373369881	0.0006928527728	6.200822099e-05	2.9009852000000027	sub-60476_ses-01_acq-HBCD75_rec-norm_dir-AP_run-01_part-mag_dwi.nii.gz	-0.0440439	0.113975	0.992507	505.0	821.1235898954756	1458.4729139100457	0.9929303405887724	-265.1936007080249	-265.31256690371185	-0.150879342274584	828.2817587508254	826.9699759178964	0.0457783631053637
0.14647868073049997	0.03668379617	-0.3001326216	-0.1085605306	0.0005802332889	0.0009146777447	0.0001283770835	25.14433502	sub-60476_ses-01_acq-HBCD75_rec-norm_dir-AP_run-01_part-mag_dwi.nii.gz	0.0213668	-0.400084	-0.916229	1990.0	332.72202072340923	1458.4729139100457	0.9929303405887724	-18.866314163475923	-18.775331011284283	-2.358748950116784	335.3829450588553	335.09099587744714	0.0635294661259354
0.3819487396200001	0.09840349276	-0.1832814002	-0.1402088592	-0.0009250005824	0.0009416987305	0.002030712087	7.039724930000002	sub-60476_ses-01_acq-HBCD75_rec-norm_dir-AP_run-01_part-mag_dwi.nii.gz	0.0418816	-0.538619	0.841508	3010.0	215.361625399576	1458.4729139100457	0.9929303405887724	6.637173564296929	6.734164081096005	6.898584038783049	216.93856273768856	216.89499652009667	0.0794339153138281
0.32893809907000005	0.03490034493	-0.1500452923	-0.09677604505	-0.0001819316676	0.000218761008	-0.0002786018595	34.27485879999999	sub-60476_ses-01_acq-HBCD75_rec-norm_dir-AP_run-01_part-mag_dwi.nii.gz	-0.89761	-0.405902	-0.171872	2000.0	334.3869724608792	1458.4729139100457	0.9929303405887724	29.447287257937788	29.33252031487746	1.5310701785181389	337.0411928758505	336.7678020558526	0.062766967787976
0.371466912555	0.06981938641	-0.2973649401	-0.07780287767	-0.001113210456	0.001051334897	0.001362646581	17.955665000000003	sub-60476_ses-01_acq-HBCD75_rec-norm_dir-AP_run-01_part-mag_dwi.nii.gz	0.840615	-0.431156	0.327827	2005.0	321.3657253801356	1458.4729139100457	0.9929303405887724	34.897596228021605	34.94177700932132	1.289138982434806	323.8904156607708	323.65384390643936	0.0645830486643268
0.15638083199500008	0.05291898306	-0.360274087	-0.07520560219	-0.0001325207995	0.0009718887159	0.0009433022933	3.1138972200000006	sub-60476_ses-01_acq-HBCD75_rec-norm_dir-AP_run-01_part-mag_dwi.nii.gz	0.843025	0.457958	0.282105	3005.0	228.6973964238051	1458.4729139100457	0.9929303405887724	0.2234202601190363	0.2009864313249304	205.57987285338643	230.3874196165393	230.3257180211847	0.0750853836532316
0.20884051946500004	0.06427305622	-0.2815277659	-0.08405675983999998	-0.001219463418	0.0002073308133	0.0005970234633	-23.143861899999997	sub-60476_ses-01_acq-HBCD75_rec-norm_dir-AP_run-01_part-mag_dwi.nii.gz	-0.706316	-0.156479	0.690386	3005.0	223.83866583202712	1458.4729139100457	0.9929303405887724	4.791497976003585	4.730776664869294	9.534534989385934	225.50173537183417	225.4323933385688	0.0765263393500074
0.4340531707975	0.008058783461	-0.005333834929	-0.08067010242	-0.0003503634653	-1.150889875e-05	-0.0002802030649	0.0	sub-60476_ses-01_acq-HBCD75_rec-norm_dir-AP_run-01_part-mag_dwi.nii.gz	-0.5	-0.5	0.707107	5.0	1437.6375291535192	1458.4729139100457	0.9929303405887724	-764.2011759247672	-764.2638112086357	-0.0561263716927311	1450.888601300051	1447.873484045498	0.0523553717009166
0.8093674218785002	0.05653186815	-0.6057447321	-0.1143780071	-7.818651648e-05	0.001483521541	0.0004881002533	7.9672531999999965	sub-60476_ses-01_acq-HBCD75_rec-norm_dir-AP_run-01_part-mag_dwi.nii.gz	-0.552702	-0.421618	-0.718859	2990.0	229.0485689937098	1458.4729139100457	0.9929303405887724	-17.607424731368774	-17.571205699265022	-2.5945641968366826	230.74642691849004	230.6793909284568	0.0762200954526362
