bids_origin_file	original_volume	fsl_spec	qc_score	qc_rank	selected_for_sdc
/data/sub-60532/ses-01/dwi/sub-60532_ses-01_acq-HBCD75_rec-norm_dir-PA_run-01_part-mag_dwi.nii.gz	0	0 1 0 0.091736	-0.9757470731344947	4	False
/data/sub-60532/ses-01/dwi/sub-60532_ses-01_acq-HBCD75_rec-norm_dir-PA_run-01_part-mag_dwi.nii.gz	1	0 1 0 0.091736	-0.9736394126843633	5	False
/data/sub-60532/ses-01/dwi/sub-60532_ses-01_acq-HBCD75_rec-norm_dir-PA_run-01_part-mag_dwi.nii.gz	2	0 1 0 0.091736	-0.9650956226802407	8	False
/data/sub-60532/ses-01/dwi/sub-60532_ses-01_acq-HBCD75_rec-norm_dir-PA_run-01_part-mag_dwi.nii.gz	3	0 1 0 0.091736	-0.9762853266621125	3	False
/data/sub-60532/ses-01/dwi/sub-60532_ses-01_acq-HBCD75_rec-norm_dir-PA_run-01_part-mag_dwi.nii.gz	4	0 1 0 0.091736	-0.977844022468863	1	False
/data/sub-60532/ses-01/dwi/sub-60532_ses-01_acq-HBCD75_rec-norm_dir-PA_run-01_part-mag_dwi.nii.gz	5	0 1 0 0.091736	-0.9787110537811305	0	True
/data/sub-60532/ses-01/dwi/sub-60532_ses-01_acq-HBCD75_rec-norm_dir-PA_run-01_part-mag_dwi.nii.gz	18	0 1 0 0.091736	-0.9767408564157023	2	False
/data/sub-60532/ses-01/dwi/sub-60532_ses-01_acq-HBCD75_rec-norm_dir-PA_run-01_part-mag_dwi.nii.gz	32	0 1 0 0.091736	-0.9702320927819061	6	False
/data/sub-60532/ses-01/dwi/sub-60532_ses-01_acq-HBCD75_rec-norm_dir-PA_run-01_part-mag_dwi.nii.gz	46	0 1 0 0.091736	-0.9673152487000335	7	False
/data/sub-60532/ses-01/dwi/sub-60532_ses-01_acq-HBCD75_rec-norm_dir-PA_run-01_part-mag_dwi.nii.gz	60	0 1 0 0.091736	-0.9621682867317295	10	False
/data/sub-60532/ses-01/dwi/sub-60532_ses-01_acq-HBCD75_rec-norm_dir-PA_run-01_part-mag_dwi.nii.gz	74	0 1 0 0.091736	-0.9643374291473897	9	False
/data/sub-60532/ses-01/dwi/sub-60532_ses-01_acq-HBCD75_rec-norm_dir-AP_run-01_part-mag_dwi.nii.gz	0	0 -1 0 0.091736	-0.9800963786166109	5	False
/data/sub-60532/ses-01/dwi/sub-60532_ses-01_acq-HBCD75_rec-norm_dir-AP_run-01_part-mag_dwi.nii.gz	1	0 -1 0 0.091736	-0.9810226161733266	1	False
/data/sub-60532/ses-01/dwi/sub-60532_ses-01_acq-HBCD75_rec-norm_dir-AP_run-01_part-mag_dwi.nii.gz	2	0 -1 0 0.091736	-0.9808212566165135	2	False
/data/sub-60532/ses-01/dwi/sub-60532_ses-01_acq-HBCD75_rec-norm_dir-AP_run-01_part-mag_dwi.nii.gz	3	0 -1 0 0.091736	-0.9761419862584898	7	False
/data/sub-60532/ses-01/dwi/sub-60532_ses-01_acq-HBCD75_rec-norm_dir-AP_run-01_part-mag_dwi.nii.gz	4	0 -1 0 0.091736	-0.9768836317624103	6	False
/data/sub-60532/ses-01/dwi/sub-60532_ses-01_acq-HBCD75_rec-norm_dir-AP_run-01_part-mag_dwi.nii.gz	5	0 -1 0 0.091736	-0.9752527032815268	8	False
/data/sub-60532/ses-01/dwi/sub-60532_ses-01_acq-HBCD75_rec-norm_dir-AP_run-01_part-mag_dwi.nii.gz	18	0 -1 0 0.091736	-0.9805744211079673	3	False
/data/sub-60532/ses-01/dwi/sub-60532_ses-01_acq-HBCD75_rec-norm_dir-AP_run-01_part-mag_dwi.nii.gz	32	0 -1 0 0.091736	-0.9732485027970632	9	False
/data/sub-60532/ses-01/dwi/sub-60532_ses-01_acq-HBCD75_rec-norm_dir-AP_run-01_part-mag_dwi.nii.gz	46	0 -1 0 0.091736	-0.9803618042105203	4	False
/data/sub-60532/ses-01/dwi/sub-60532_ses-01_acq-HBCD75_rec-norm_dir-AP_run-01_part-mag_dwi.nii.gz	60	0 -1 0 0.091736	-0.9814147549637688	0	True
/data/sub-60532/ses-01/dwi/sub-60532_ses-01_acq-HBCD75_rec-norm_dir-AP_run-01_part-mag_dwi.nii.gz	74	0 -1 0 0.091736	-0.9682300850221777	10	False
